<?xml version="1.0" encoding="utf-8"?><data xmlns="https://www.mathworks.com/help/ref/data" count="3"><cat target="index.html"><title>MATLAB Support Package for USB Webcams</title><cat target="device-connection.html"><title>Device Connection</title></cat>
<cat target="webcam-image-acquisition.html"><title>Webcam Image Acquisition</title><ref target="ug/detect-plot-water-level-change-with-usb-webcam-live-editor-task.html" name="Detect and Plot Water Level Change with USB Webcam Live Editor Task" open_cmd="matlab:openExample('usbwebcams/DetectAndPlotWaterLevelChangeUSBWebcamLiveEditorTaskExample')" ex_type="Live Script" family="MATLAB" img="../../examples/usbwebcams/win64/DetectAndPlotWaterLevelChangeUSBWebcamLiveEditorTaskExample_05.png" alt="Detect and Plot Water Level Change with USB Webcam Live Editor Task"><sum>Set up your USB webcam to detect and plot the change in water level. Interactively capture images from a USB webcam using the Acquire Webcam Image task in the Live Editor. For more information on Live Editor tasks, see Add Interactive Tasks to a Live Script. </sum></ref><ref target="ug/acquiring-a-single-image-in-a-loop.html" name="Acquiring a Single Image in a Loop" open_cmd="matlab:openExample('usbwebcams/AcquiringASingleImageInALoopExample')" ex_type="Live Script" family="MATLAB" img="../../examples/usbwebcams/win64/AcquiringASingleImageInALoopExample_04.png" alt="Acquiring a Single Image in a Loop"><sum>Use the snapshot function to acquire live images from USB webcams.</sum></ref><ref target="ug/logging-video-to-disk.html" name="Logging Video to Disk" open_cmd="matlab:openExample('usbwebcams/LoggingVideoToDiskExample')" ex_type="Live Script" family="MATLAB" img="includes/product/images/doc_center/DefaultImage.png" alt="Logging Video to Disk"><sum>Use the snapshot function to acquire live images and log the video to disk.</sum></ref></cat>
<cat target="troubleshooting.html"><title>Troubleshooting in MATLAB Support Package for USB Webcams</title></cat>
</cat></data>