<?xml version="1.0" encoding="UTF-8" ?>
<!-- Copyright 2017-2021 The MathWorks, Inc. -->
<rsccat version="1.0" locale="en_US" product="linux" xmlns:xsi="http://www.w3.org/2001/XMLSchema-instance" xsi:noNamespaceSchemaLocation="../../schema/msgcat.xsd">
    <message>
        <entry key="ThingSpeakReadLine1">Read data stored in a ThingSpeak channel. The hardware must be connected to the Internet.</entry>
        <entry key="ThingSpeakReadLine2">The block outputs the most recent data read from a specified field of a channel on ThingSpeak.com, the Mathworks IoT Analytics Platform. Data type for the field value is single. The status port outputs http response for each ThingSpeak read request.</entry>
        <entry key="ThingSpeakReadLine3">Check "Print diagnostic messages" if you want to see the ThingSpeak server response to data download requests.</entry>
        <entry key="AudioCaptureMask">Captures audio from the sound card using ALSA driver framework.\n\n
            The block outputs audio data as NxC array, where N is the samples per audio channel and C is the number of channels.\n\n
            Enter the device name and the number of channels supported by the device. Use the Audio sampling frequency parameter to set the sampling rate in Hertz(Hz). Sample time of the block will be derived from the sampling frequency and the Samples per frame(N) specified by the user.
        </entry>
        <entry key="AudioPlaybackMask">Sends audio to the sound card for playback using ALSA driver framework.\n\n
            The block accepts NxC array of type int8, int16 or int32, where N is the samples per audio channel and C is the number of channels.\n\n
            Enter the device name and use the Audio sampling frequency parameter to set the sampling rate in Hertz (Hz).
        </entry>
        <entry key="MQTTPublishBlockName">MQTT Publish</entry>
        <entry key="MQTTPublishMask">Publish message to the MQTT broker with the specified topic.\n\n
            The block accepts a 1-D array of type uint8, int8, uint16, int16, uint32, int32, boolean, single-precision, or double-precision.\n\n
            Status port outputs 0 for a successful publish and error code for failures.\n\n
            Select the retain flag parameter if the message should be saved by the broker as last known good value.
        </entry>
        <entry key="MQTTSubscribeBlockName">MQTT Subscribe</entry>
        <entry key="MQTTSubscribeMask">Subscribe to an MQTT topic and receive message from the broker.\n\nThe Message port outputs the received message as double Nx1 array. The Topic output port will be visible if you use any wildcards. This will output the complete topic string corresponding to the received message.\n\nSelect QoS as per the requirement and set the message length N as the array size of the message expected.
        </entry>
        <entry key="AudioFileReadMaskTitle">Audio File Read</entry>
        <entry key="AudioFileReadMaskDescription">Read audio frames from an audio file. \nThe block outputs audio data as [NxC] int16 array, where N is the samples per audio channel and C is the number of channels supported by the audio file.\nSelect the audio file from the host PC and specify the number of samples (N) to be read from the audio file per channel. Sample time of the block will be derived from sampling frequency used in the audio file and the N specified by the user.</entry>
        <entry key="WebSocketPublishMaskTitle">Websocket Publish</entry>
        <entry key="WebSocketPublishMaskDescription">Publish input data using a websocket server over an Internet network.\n\nThe block accepts up to 10 1-D array(s) of type uint8, int8, uint16, int16, uint32, int32, boolean, single-precision, or double-precision.\n\nThe data will be published in JSON format.\nSpecify a unique Block label for each block. This information will be added in the JSON data.\nSpecify the IP address and port where the Websocket server will be hosted.\n</entry>
        <entry key="V4L2BlockMaskTitle">V4L2 Video Capture</entry>
        <entry key="V4L2BlockMaskDescription">Captures video from a USB camera using V4L2 driver framework. During simulation, the model outputs a moving colorbar image. While running on hardware, the block outputs video from a USB camera. \n\nSet Image size parameter to the desired output size. Use Pixel format parameter to specify the format of the output video stream. \n\nUse parameters in the Advanced tab to adjust the image and device properties.</entry>
        <entry key="ModbusTCPMasterRead">Read data from a Modbus slave(server) device connected on the network.\n\nThe block outputs [Nx1] data of type boolean/uint16 and the status of the read operation.\nStatus:\n1 - Successful read operation\n0 - Invalid/unsuccessful read operation</entry>
        <entry key="ModbusTCPSlaveRead">Read the register on the Modbus slave(server) device.\n\nThe block outputs data of type boolean/uint16 and the status of the read operation.\nStatus:\n1 - Successful read operation\n0 - Invalid/unsuccessful read operation\n\nTo enable read of a particular register, navigate to the Configuration Parameters > Hardware Implementation > Target hardware resources > Modbus properties of your model and perform the following:\n1. Select the ‘Slave’ option from the Mode parameter.\n2. Enter the register address in the ‘Start address’ field.</entry>
        <entry key="ModbusTCPMasterWrite">Write data to the specific register(s) of a Modbus slave(server) device.\n\nThe block accepts scalar data of type boolean/uint16 for single register write operations and [Nx1] vector data of type boolean/uint16 for multiple register write operations.</entry>
        <entry key="ModbusTCPSlaveWrite">Write data to the specific register(s) of the Modbus slave(server) device.\n\nThe block accepts scalar data of type boolean/uint16.\n\nTo enable write of a particular register, navigate to the Configuration Parameters > Hardware Implementation > Target hardware resources > Modbus properties of your model and perform the following:\n1. Select the ‘Slave’ option from the Mode parameter.\n2. Enter the register address in the ‘Start address’ field.</entry>        
        <entry key="CANReceiveMaskTitle">CAN Receive</entry>
        <entry key="CANReceiveMaskDescription">Receive CAN message. \n\nIn "Raw data" mode, the block outputs values received as [1xN] array of type uint8. \nIn "CAN Msg" mode, the block outputs Simulink bus signal. \nTo extract data from Simulink bus signal, use the CAN Unpack block from Vehicle Network Toolbox.</entry>
        <entry key="CANTransmitMaskTitle">CAN Transmit</entry>
        <entry key="CANTransmitMaskDescription">Transmit CAN message. \n\nIn "Raw data" mode, the block accepts a 1-D array of type uint8. \nIn "CAN Msg" mode, the block accepts Simulink bus signal from a CAN Pack block as input.</entry>

        <entry key="PanTiltHatMaskTitle">PCA9685 Pan Tilt Hat</entry>
        <entry key="PanTiltHatMaskDescription">Control pan and tilt motions of the hardware using the PCA9685-based PWM driver.The block accepts pan and tilt angles in the range -90 to 90 degrees.\n\nPrerequisite\nChange the boot configuration settings of Raspberry Pi to activate the PCA9685 kernel module and then load the module using the Raspberry Pi terminal.</entry>
        <entry key="ModeProp">Mode of operation</entry>
        <entry key="PWMFrequencyProp">PWM frequency (Hz)</entry>
        <entry key="ChannelProp">Channel</entry>
        <entry key="PulseDurationProp">Pulse duration [min max]</entry>
        <entry key="BlockPlatformProp">Block platform</entry>
        <entry key="SampleTimeProp">Sample time</entry>
        <entry key="BasicGroupTitle">Parameters</entry>
        <entry key="PanGroupTitle">Pan Servo</entry>
        <entry key="TiltGroupTitle">Tilt Servo</entry>
        <entry key="ServoChannelConflict">Pan and tilt servos cannot use the same channel. Please update the values in the block mask.</entry> 
    </message>
</rsccat>
