<?xml version="1.0" encoding="UTF-8" ?>
<!-- Copyright 2021 The MathWorks, Inc.-->

<rsccat version="1.0" locale="en_US" product="svd" xmlns:xsi="http://www.w3.org/2001/XMLSchema-instance" xsi:noNamespaceSchemaLocation="../../schema/msgcat.xsd">
<message>
<!--Hardware Interrupt Error Mesaages -->
<entry key="HwiMaskInputNotACellArray">Expected input must be a cell array of character array.</entry>
<entry key="NotSameISRBlocksErrorMsg">Incorrect hardware interrupt block found in model. Hardware Interrupt block does not support {0} hardware board. Use hardware interrupt block supporting "{0}" hardware board.</entry>
<entry key="InterruptEventsNotSelected">At least an event must be selected from "Events to serve" group.</entry>
<entry key="MultipleUsageErrorMsg">The {0} is already used by another {1} block.</entry>


<!-- Mask dialog prompts -->
<entry key="HWInterruptISRGroupPrompt">Interrupt group</entry>
<entry key="HWInterruptISRNamePrompt">Interrupt name</entry>
<entry key="HWInterruptISRNumberPrompt">Interrupt number</entry>
<entry key="HWInterruptEventsListPrompt">Events to serve</entry>
<entry key="HWInterruptSelectedEventsPrompt">Selected events list</entry>
<entry key="HWInterruptTaskPriorityPrompt">Simulink task priority</entry>
<entry key="HWInterruptDisablePreemptionPrompt">Disable interrupt pre-emption</entry>
<entry key="HWInterruptClearInterruptFlagsAtEndOfEventPrompt">Clear interrupt status flags after events service</entry>
<entry key="HWInterruptInterruptDefinitionFilePrompt">Interrupt definition file</entry>
 </message>
</rsccat>

<!-- LocalWords:  nontunable
-->