<?xml version="1.0" encoding="UTF-8" ?>
<!-- Copyright 2015-2021 The MathWorks, Inc.
-->
<rsccat version="1.0" locale="en_US" product="svd" xmlns:xsi="http://www.w3.org/2001/XMLSchema-instance" xsi:noNamespaceSchemaLocation="../../schema/msgcat.xsd">
    <message>
        <entry key="TestMessage">Test message with argument {0}.</entry>
        <entry key="PinNotFound">Pin {0} is invalid for {1} on your device. Please select a valid pin number for your hardware.</entry>
        <entry key="PortNotFound">Port {0} is invalid for {1} on your device. Please select a valid port for your hardware.</entry>
        <entry key="GPIOPinMultipleUsage">The {0} is already used by another block.</entry>
        <entry key="MultiChannelAnalogInNumel">Number of channels and conversion time in AnalogIn group {0} should be of same dimensions.</entry>
        <entry key="ModuleNotFound">{0} module {1} is not available on the hardware. Please select a valid {0} module.</entry>
        <entry key="MaximumAllowedI2CSlaves">The slave address has to be between 0 and {0}. Please select an address in the range.</entry>
        <entry key="AllowedI2CAddressingModes">The addressing mode has to be set to 7 or 10 bits. Please select a valid addressing mode in your hardware configuration file.</entry>
        <entry key="AllowedI2CBusSpeed">The desired I2C bus speed is above the maximum allowed {0} Hz. Please select a valid desired I2C bus speed.</entry>
        <entry key="RegisterOpNotAllowedFromSlave">{0} Register {1} operations are not supported in Slave mode.</entry>
        <entry key="AllowedBusSpeed">The desired {0} bus speed is above the maximum allowed {1} Hz. Please select a valid desired {0} bus speed.</entry>
        <entry key="GenViewPinMapButtonIdxError">Function 'generateViewPinMapButton' expects an array index number of parameters group when 'addMethod' is '-inherit' to add 'View Pin Map' button.</entry>
        <entry key="GenViewPinMapButtonNameError">Function 'generateViewPinMapButton' expects parameters group name when 'addMethod' is '-append' to add 'View Pin Map' button.</entry>
        <entry key="GenViewPinMapButtonInvalidArg">Function 'generateViewPinMapButton' expects '-inherit' or '-append' string values for "addMethod" argument.</entry>
        <entry key="PortOutOfRange">Expected {0} to be a scalar with value {1} {2}.</entry>
        <!-- Sample time validation errors -->
        <entry key="SampleTimeNonTunable">Sample time is a nontunable property. You cannot change the sample time value while the model is running.</entry>
        <entry key="InvalidSampleTimeNeedScalar">Invalid sample time. Sample time must be a real scalar value or an array of two real values.</entry>
        <entry key="InvalidSampleTimeNeedPositive">Invalid sample time. Sample time must be non-negative or -1 (for inherited).</entry>
        <entry key="InvalidSampleTimeNeedSmallerOffset">Invalid sample time. Sample time offset must be smaller than the sample time period.</entry>
        <entry key="InvalidSampleTimeNeedZeroOffset">Invalid sample time. When the period is -1, offset must be 0.</entry>
        <entry key="InvalidSampleTimeNeedOffsetOne">Invalid sample time. When the period is 0, offset must be 1.</entry>

        <!-- TCPIP Messages -->
        <entry key="NotAServer">Port is not configured for server.</entry>
        <entry key="NotAClient">Port is not configured for client.</entry>
        <entry key="PortAlreadyOpened">Port is already opened.</entry>
        <entry key="ZeroPortNumber">Port number cannot be zero.</entry>
        <entry key="InvalidPort">Invalid port number {0} for {1} in {2}.</entry>
        <entry key="DataTypeMismatch">### The specified data type set for playback ''{0}'' doesn't match with the recorded data type ''{1}''.</entry>
        <entry key="PortsMismatch">### The specified number of ports set for playback ''{0}'' doesn't match with the recorded number of ports ''{1}''.</entry>
        <entry key="FileFormatMismatch">### The specified FileFormat set for playback ''{0}'' doesn't match with the recorded FileFormat ''{1}''.</entry>
        <entry key="InvalidIPAddress">Invalid IP address specified.</entry>

        <!-- CAN error messages -->
        <entry key="CANObjectFieldNotStruct">CAN message object {0} is not a structure.</entry>
        <entry key="MissingCANObjectField">CAN message object is invalid structure. "{0}" structure field does not exist.</entry>

        <!-- Simulink IO Messages -->
        <entry key="SimModeNotSupportedIO">Simulink IO is not supported in ''{0}'' simulation mode. To use Simulink IO, change the simulation mode to 'Normal'.</entry>
        <entry key="ExtTriggerNotSupportedIO">Setting external trigger source for analog input is not supported in Simulink IO.</entry>
        <entry key="EnableNotificationADCNotSupportedIO">Enabling A/D conversion complete notification for analog input is not supported in Simulink IO.</entry>
        <entry key="DisableNotificationADCNotSupportedIO">Disabling A/D conversion complete notification for analog input is not supported in Simulink IO.</entry>
        <entry key="EnableNotificationPWMNotSupportedIO">Enabling notification on PWM channel is not supported in Simulink IO.</entry>
        <entry key="DisableNotificationPWMNotSupportedIO">Disabling notification on PWM channel is not supported in Simulink IO.</entry>
        <entry key="I2CSlaveMissing">No I2C slave device is connected to the board. Ensure that an I2C slave device is connected.</entry>
        <entry key="I2CSlaveMismatch">I2C slave address specified is not available. Verify the I2C slave address.</entry>
        <entry key="I2CSlaveAvailable">I2C Slave devices available: </entry>
        <entry key="I2CSetSlaveNotSupportedIO">Setting the address of a slave device when the target is a slave is not supported in Simulink IO.</entry>
        <entry key="I2CNACKNotSupportedIO">Sending NACK at the end of data transfer is not supported in Simulink IO. Uncheck this option to use Simulink IO.</entry>
        <entry key="I2CStopBitNotSupportedIO">Removing stop bit at the end of data transfer is not supported in Simulink IO. Uncheck this option to use Simulink IO.</entry>
        <entry key="I2CSlaveReadNotSupportedIO">Slave mode I2C read is not supported in Simulink IO.</entry>
        <entry key="I2CSlaveWriteNotSupportedIO">Slave mode I2C write is not supported in Simulink IO.</entry>
        <entry key="SPISetSSPinNotSupportedIO">Using the slave select pin provided by the SPI peripheral is not supported in Simulink IO.</entry>
        <entry key="SPISlaveReadWriteNotSupportedIO">Slave mode SPI writeRead is not supported in Simulink IO.</entry>
        <entry key="ConfigurePinFailed">Configuring Pin {0} as {1} failed. Provide a valid {1} pin number for your hardware.</entry>
        <entry key="ConfigurePinFailedReconnect">Configuring Pin {0} as {1} failed. Pin {0} is not a valid {1} pin. Reconnect the hardware, provide a valid {1} pin number for your hardware and try again.</entry>
        <entry key="InvalidModuleReconnect">{0} module {1} is not available on the hardware. Reconnect the hardware, provide a valid {0} module for your hardware and try again.</entry>
        <entry key="ConfigurePinFailedPinConflict">Configuring Pin {0} as {1} failed. Provide a valid {1} pin number for your hardware or see if Pin {0} is already used by another block.</entry>

        <!-- Common block parameters -->
        <entry key="EmptyPin">The property Pin is not defined. You must set Pin to a valid value.</entry>

        <!-- Mask dialog prompts -->
        <entry key="SampleTimePrompt">Sample time</entry>
        <entry key="DirectionPrompt">Direction</entry>
        <entry key="OutputTypePrompt">Output type</entry>
        <entry key="OutputStatusPrompt">Output status</entry>
		<entry key="OutputErrorStatusPrompt">Output error status</entry>
        <entry key="PinPrompt">Pin</entry>

        <entry key="I2CModulePrompt">I2C module</entry>
        <entry key="I2CModePrompt">Mode</entry>
        <entry key="SlaveAddressPrompt">Slave address</entry>
        <entry key="SlaveByteOrderPrompt">Slave byte order</entry>
        <entry key="RegisterAccessPrompt">Enable register access</entry>
        <entry key="SlaveRegisterAddressPrompt">Slave register address</entry>
        <entry key="DataTypePrompt">Data type</entry>
        <entry key="DataSizePrompt">Data size (N)</entry>
        <entry key="SendNACKPrompt">Send NACK at the end of data transfer</entry>
        <entry key="RemoveStopBitPrompt">Remove stop bit at the end of data transfer</entry>

        <entry key="SPISelectPrompt">SPI Select</entry>
        <entry key="SPIModulePrompt">SPI module</entry>
        <entry key="SPIModePrompt">Mode</entry>
        <entry key="SPIBusSpeedPrompt">Bus speed (in Hz)</entry>
        <entry key="SPISlaveSelectPrompt">Slave select pin</entry>
        <entry key="SPIFirstBitPrompt">First bit to transfer</entry>
        <entry key="SPIClockModePrompt">Mode (Clock polarity and phase)</entry>
        <entry key="SPIBlockFunctionPrompt">Block functionality</entry>
        <entry key="SPIRegisterAddressPrompt">Register address</entry>
        <entry key="SPIOutputDataTypePrompt">Output data type</entry>
        <entry key="SPIOutputDataLengthPrompt">Output data length</entry>
        <entry key="SPIUseCustomSSPinPrompt">Slave select calling method</entry>
        <entry key="SPIActiveLowSSPinPrompt">Slave select pin polarity</entry>

        <entry key="SCIModulePrompt">SCI module</entry>
        <entry key="SCIPortPrompt">Port</entry>
        <entry key="SCIBaudRatePrompt">Baudrate (in bits/s)</entry>
        <entry key="SCIParityPrompt">Parity</entry>
        <entry key="SCIStopBitsPrompt">Stop bits</entry>
        <entry key="SCIHardwareFlowControlPrompt">Hardware flow control</entry>
        <entry key="SCIByteOrderPrompt">Byte order</entry>
        <entry key="SCIDataLengthPrompt">Data length (N)</entry>
        <entry key="SCIOutputStatusPrompt">Output status</entry>

        <entry key="PWMEnableInputFrequencyPrompt">Enable frequency input</entry>
        <entry key="PWMInitialFrequencyPrompt">Initial frequency (Hz)</entry>
        <entry key="PWMInitialDutyCyclePrompt">Initial duty cycle (0 - 100)</entry>
        <entry key="PWMNotificationTypePrompt">Notify on PWM</entry>

        <entry key="AnalogInputSampleTimePrompt">Sample time</entry>
        <entry key="AnalogReadResultsOnlyPrompt">Read results only</entry>
        <entry key="AnalogConversionTriggerSourcePrompt">Trigger A/D conversion</entry>
        <entry key="AnalogExternalTriggerTypePrompt">External trigger source</entry>
        <entry key="AnalogOutputDataTypePrompt">Output data type</entry>
        <entry key="AnalogEnableConversionCompleteNotifyPrompt">Enable conversion complete notification</entry>
        <entry key="AnalogEnableOuputStatusPrompt">Output A/D conversion status</entry>

        <entry key="TCPRemoteIPAddressPrompt">Server IP Address</entry>
        <entry key="TCPConnectionModePrompt">Connection mode</entry>
        <entry key="TCPServerIPPortPrompt">Server IP Port</entry>
        <entry key="TCPUDPLocalPortPrompt">Local Port</entry>
        <entry key="WiFiRemoteServerPortPrompt">Remote IP port</entry>
        <entry key="WiFiRemoteAddrPrompt">Remote IP address</entry>
        <entry key="TCPLocalIPPortPrompt">Local IP Port</entry>
        <entry key="TCPUDPByteOrderPrompt">Byte Order</entry>
        <entry key="TCPUDPBlockingModePrompt">Wait until previous packet transmitted/received</entry>
        <entry key="TCPUDPBlockTimeoutPrompt">Timeout in seconds</entry>
        <entry key="TCPUDPDataTypePrompt">Data type</entry>
        <entry key="TCPUDPDataLengthPrompt">Data size (N)</entry>
        <entry key="TCPUDPReceiveBlockingModePrompt">Wait until data received</entry>
        <entry key="TCPUDPSendBlockingModePrompt">Wait until previous packet transmitted</entry>

        <entry key="UDPRemoteIPAddressPrompt">Remote IP address (0.0.0.0 for accepting all)</entry>
        <entry key="UDPRemoteIPPortPrompt">Remote IP Port</entry>
        <entry key="UDPSendRemoteIPAddressPrompt">Remote IP address (255.255.255.255 for broadcast)</entry>
        <entry key="UDPLocalIPPortPrompt">Local IP Port (-1 for automatic port assignment)</entry>

        <entry key="CANDataFormatPrompt">Data Format</entry>
        <entry key="CANModulePrompt">Module</entry>
        <entry key="CANIdentifierPrompt">Identifier Type</entry>
        <entry key="CANMsgIdPrompt">Identifier</entry>
        <entry key="CANMsgLenPrompt">Length (bytes)</entry>
        <entry key="CANRemoteFramePrompt">Remote Frame</entry>
        <entry key="CANReadRemoteFramePrompt">Output Remote</entry>
        <entry key="CANMessageTypePrompt">Frame format</entry>
        <entry key="CANBitRateSwitchingPrompt">Enable bit rate switching</entry>

        <entry key="BytePackmaskPackedDataTypePrompt">Output port (packed) data type</entry>
        <entry key="BytePackdatatypesPrompt">Input port data types (cell array)</entry>
        <entry key="BytePackbyteAlignPrompt">Byte alignment</entry>
        <entry key="ByteblockPlatformPrompt">Block platform</entry>

        <entry key="ByteUnPackdimensionsPrompt">Output port dimensions (cell array)</entry>
        <entry key="ByteUnPackdatatypesPrompt">Output port data types (cell array)</entry>
        <entry key="ByteUnPackbyteAlignPrompt">Byte alignment</entry>

        <entry key="ByteReversalnumInpPrompt">Number of inputs</entry>

        <entry key="MemorycopyFromPrompt">Copy from</entry>
        <entry key="MemorycopyAddressSourcePrompt">Specify address source</entry>
        <entry key="MemorycopyAddressPrompt">Address</entry>
        <entry key="MemorycopySrcCodePrompt">Source code symbol</entry>
        <entry key="MemorydataTypePrompt">Data type</entry>
        <entry key="MemorydataDimensionFromPrompt">Data length</entry>
        <entry key="MemoryuseOffsetFromPrompt">Use offset when reading</entry>
        <entry key="MemoryoffsetFromSrcPrompt">Specify offset source</entry>
        <entry key="MemoryoffsetPrompt">Offset</entry>
        <entry key="MemorystrideFromPrompt">Stride</entry>
        <entry key="MemorycopyToPrompt">Copy to</entry>
        <entry key="MemoryuseOffsetToPrompt">Use offset when writing</entry>
        <entry key="MemoryuseInitValuePrompt">Set memory value at initialization</entry>
        <entry key="MemoryinitValueSrcPrompt">Specify initialization value source</entry>
        <entry key="MemoryinitValuePrompt">Initialization value (constant)</entry>
        <entry key="MemoryinitValueSrcCodePrompt">Initialization value (source code symbol)</entry>
        <entry key="MemoryuseAsMaskPrompt">Apply initialization value as mask</entry>
        <entry key="MemorymaskOperatorPrompt">Bitwise operator</entry>
        <entry key="MemoryuseTermValuePrompt">Set memory value at termination</entry>
        <entry key="MemorytermValuePrompt">Termination value</entry>
        <entry key="MemoryisRealtimeEnabledPrompt">Set memory value only at initialization/termination</entry>
        <entry key="MemoryemitCCBeforeWritePrompt">Insert custom code before memory write</entry>
        <entry key="MemoryCCWritePrompt">Custom code</entry>
        <entry key="MemoryemitCCAfterWritePrompt">Insert custom code after memory write</entry>
        <entry key="MemoryuseDMACopyPrompt">Use QDMA for copy (if available)</entry>
        <entry key="MemoryenableBlockingModePrompt">Enable blocking mode</entry>

        <entry key="StreamingDataDrop">Missing data samples found for block {0}. Either reduce sample time of the block or modify the Simulink model to decrease the execution time on the host.</entry>
        <entry key="StreamingNumDataDrops">Block {0} missed reading {1} sample(s) during simulation with the Connected IO mode parameter set to either 'Auto' or 'Streaming'.</entry>
        <entry key="NotEnoughMemoryToStream">Not enough memory on target to stream data. Either reduce the number of peripheral source blocks or change the setting of Connected IO mode parameter to 'Polling' in 'Configuration Parameters > Target hardware resources > Connected IO' to simulate using Connected IO with all the source blocks.</entry>
        <entry key="InSufficientChannelBandwidth">Target hardware is in overrun condition. Increase the bandwidth of the transport channel (for example, change baudrate for serial connection) or increase the sample time of the blocks or reduce the number of peripheral source blocks or set the Connected IO mode parameter to 'Polling' in 'Configuration Parameters > Target hardware resources > Connected IO'.</entry>
        <entry key="MissingInheritanceForStreamingSources">Block {0} does not adhere to the requirements to enable streaming and uses 'Polling' mode for Connected I/O simulation. Follow the correct steps to enable streaming capability.</entry>
    </message>
</rsccat>

<!-- LocalWords:  nontunable
-->
