<?xml version="1.0" encoding="UTF-8" standalone="yes"?>
<instructions>
    <platform>win64</platform>
    <downloadInstruction>
        <downloadUrl>https://ssd.mathworks.com/supportfiles/downloads/SupportPackageThirdParty/R2021bv2/arduinoide/win64/MW_arduino-1.8.19-windows_21b.zip</downloadUrl>
        <archive>MW_arduino-1.8.19-windows_21b.zip</archive>
    </downloadInstruction>
    <installInstructions xmlns:xsi="http://www.w3.org/2001/XMLSchema-instance" xsi:type="ExtractInstruction">
        <archiveType>ZIP_ARCHIVE</archiveType>
        <archiveName>$IS_DOWNLOADED_FILE</archiveName>
        <destinationFolderName>..\..\aIDE</destinationFolderName>
    </installInstructions>
    <displayName>Arduino software</displayName>
    <licenseUrl>http://www.mathworks.com/supportfiles/roth/License_ArduinoIDE.txt</licenseUrl>
    <checksum>0e0dfd3cec3502afb14591565960b7e6</checksum>
</instructions>
