<?xml version="1.0" encoding="UTF-8" ?>
<!-- Copyright 2021 The MathWorks, Inc. -->
<rsccat version="1.0" locale="en_US" product="nvidia" xmlns:xsi="http://www.w3.org/2001/XMLSchema-instance" xsi:noNamespaceSchemaLocation="../../schema/msgcat.xsd">
  <message>
        <!--Network video receive -->
        <entry key="NetworkVideoTitle">Network Video Receive</entry>
        <entry key="NetworkVideoPort" note="as in network port. not Simulink block port">Port</entry>
        <entry key="NetworkVideoImageSignal">Image signal</entry>
        <entry key="NetworkVideoImageFormat">Format</entry>
        <entry key="NetworkVideoImageSize">Image size</entry>
        <entry key="NetworkVideoCompression">Compression</entry>
        <entry key="NetworkVideoSampleTime">Sample time</entry>
        <entry key="NetworkVideoHWAccel">Enable hardware acceleration</entry>
        <entry key="NetworkVideoBlockMaskDescription">Receives video from a network RTP stream. When running on hardware, the block outputs video from the network. 
        Use 'Image size' parameter to specify the video size in the RTP stream. 
        Use 'Format' parameter to specify the output video format. 
        Use 'Image signal' parameter to select the output signals for RGB format.
        Use 'Compression' parameter to select the compression technique for decoding the RTP video stream.
        Use 'Enable hardware acceleration' parameter to choose the software or hardware decoding of the RTP video stream.
        </entry>
        <entry key="NetworkVideoVideoParamGroup">Video Parameters</entry>
        <entry key="NetworkVideoConnectionParamGroup">Connection Parameters</entry>
        
        <!-- GPIO -->
      <entry key="GPIOReceiveTitle">GPIO Read</entry>
      <entry key="GPIOReceiveBlockMaskDesc">Reads the logical value of a GPIO pin configured as input.
          Select the GPIO number. Do not assign the same GPIO number to multiple blocks within a model.
      </entry>
      <entry key="GPIOPinNumberProp">GPIO number</entry>
      <entry key="GPIOBoardProp">Board</entry>
      <entry key="GPIOViewPinBtn">View pin map</entry>
      <entry key="GPIOWriteTitle">GPIO Write</entry>
      <entry key="GPIOWriteBlockMaskDesc">Sets the logical value of a GPIO pin configured as output.\n
          Select the GPIO number. Do not assign the same GPIO number to multiple blocks within a model.
      </entry>
  </message>
</rsccat>

<!-- LocalWords:  RTP
-->
