<?xml version="1.0" encoding="UTF-8" ?>
<!-- Copyright 2018-2019 The MathWorks, Inc. -->
<rsccat version="1.0" locale="en_US" product="nvidia" xmlns:xsi="http://www.w3.org/2001/XMLSchema-instance" xsi:noNamespaceSchemaLocation="../../schema/msgcat.xsd">
    <message>
        
        <entry key="ERRNO">An error has occurred while communicating with the server running on the NVIDIA hardware.</entry>
        
        <!--
        #define ERR_SYSTEM_BASE      (10000)
        #define ERR_SYSTEM_POPEN     (ERR_SYSTEM_BASE+1)
        -->
        <entry key="ERRNO10001">Error executing system call.</entry> 
        <!--
        #define ERR_HANDLER_INVALID_REQUEST (1)
        -->
        <entry key="ERRNO1">Invalid request.</entry>
        
        <!-- Webcam busy -->
        <entry key="ERRNO9901">Webcam busy, unable to open the requested webcam.</entry>
        <entry key="ERRNO9902">Webcam busy, unable to initialize the requested webcam.</entry>
        
        <!-- Camera -->
        <entry key="CameraInUse">Camera busy, unable to open the requested camera.</entry>
        <entry key="CameraPipelineFailure">Gstreamer pipeline error. Make sure that the camera is not opened.</entry>
        <entry key="CameraUnableToPullFrame">Unable to pull the frame.</entry>
        <entry key="CameraOddResolution">Odd numeric values for resolution are not supported.</entry>
        
        <!-- GPIO -->
        <entry key="GPIONotInitalized">Unable to initialize the GPIO pin {0}.</entry>
        <entry key="ERRNO2006">Unable to read GPIO pin {0}.</entry>
        <entry key="ERRNO2007">Unable to write to GPIO pin {0}.</entry>
        <entry key="ERRNO2010">GPIO pin {0} is busy. Use configurePin to close the pin.</entry>
        <entry key="ERRNO2011">Pin {0} is not a valid GPIO pin.</entry>
        <entry key="ERRNO2012">Pin {0} is not initialized.</entry>

    </message>
</rsccat>

<!-- LocalWords:  Webcam webcam Gstreamer
-->
