<?xml version="1.0" encoding="UTF-8" ?>
<!-- Copyright 2018-2022 The MathWorks, Inc. -->
<rsccat version="1.0" locale="en_US" product="nvidia" xmlns:xsi="http://www.w3.org/2001/XMLSchema-instance" xsi:noNamespaceSchemaLocation="../../schema/msgcat.xsd">
    <message>
        <!--Simulink Deployment-->
        <entry key="ModelNotAvailable">Unable to find model {0} on the target platform. Compile and run the model in the Simulink environment before using 'runModel'.</entry>
        <entry key="UnknownBuildAction">Invalid build action. Use the Configuration Parameters dialog to select appropriate 'Build Configuration' option in the 'Code Generation' pane.</entry>
        
        <!--Simulink block mask-->
         <entry key="CameraBlockMaskDescription">Captures video from a USB camera or CSI camera. When running on the hardware, the block outputs video from a USB or CSI camera. 
         Set Image size parameter to the desired output size.</entry>
        
        <!--Simulink External mode-->
        <entry key="ExternalModeDidNotStart">
            A run-time error is encountered when running External mode simulation on the NVIDIA hardware.  
            This usually occurs when a hardware resource, such as a web camera or an audio card, is not available or configured incorrectly.
            The log file, {0}, storing model diagnostic information on the NVIDIA hardware has the following content: {1}
        </entry>
        <entry key="ExternalModePortInUse">
            Another process (PID: {0}) is using the TCP/IP port {1} selected for External mode communication. 
            Either choose a different port number by opening Hardware Implementation > Target Hardware Resources > 
            External mode pane or kill the process with PID {2}.
        </entry>
         <entry key="ExternalModeXCPInitTimeOut">
            A timeout error occurred during the model initialization on the target. The time-out may be due to the executable initialization time exceeding the default maximum loading time ({0}). 
            Try increasing the timeout by using the 'NVIDIA_XCP_EXTMODE_INIT_TIME' environment variable. 
            For example, setenv('NVIDIA_XCP_EXTMODE_INIT_TIME','500')
        </entry>
        
        <!--Audio Interface-->
        <entry key="listAudioResourceBusy">Unable to find information for device {0} as it is already in use.</entry>
        <entry key="unmatchedPVPairs">The input arguments contain unmatched set of parameter name-value pairs.</entry>
        
        <!--Board connection-->
        <entry key="InvalidDeviceAddress">There is no saved value for device address. Specify the hostname or the IP address of your board to connect to it. For establishing live connection, refer &lt;a href="matlab:helpview([docroot '/supportpkg/nvidia/ref/jetson.html'])"&gt;jetson&lt;/a&gt; for NVIDIA Jetson board and refer &lt;a href="matlab:helpview([docroot '/supportpkg/nvidia/ref/drive.html'])"&gt;drive&lt;/a&gt; for NVIDIA Drive board.</entry>
        <entry key="InvalidUsername">There is no saved value for username. Specify a valid username to connect to your board. For establishing live connection, refer &lt;a href="matlab:helpview([docroot '/supportpkg/nvidia/ref/jetson.html'])"&gt;jetson&lt;/a&gt; for NVIDIA Jetson board and refer &lt;a href="matlab:helpview([docroot '/supportpkg/nvidia/ref/drive.html'])"&gt;drive&lt;/a&gt; for NVIDIA Drive board.</entry>
        <entry key="InvalidPassword">There is no saved value for password. Specify a valid password to connect to your board. For establishing live connection, refer &lt;a href="matlab:helpview([docroot '/supportpkg/nvidia/ref/jetson.html'])"&gt;jetson&lt;/a&gt; for NVIDIA Jetson board and refer &lt;a href="matlab:helpview([docroot '/supportpkg/nvidia/ref/drive.html'])"&gt;drive&lt;/a&gt; for NVIDIA Drive board.</entry>
        <entry key="ConnectionExists">Unable to create a new connection. An active connection to {0} already exists.</entry>
        <entry key="SshConnectionFail">Unable to communicate with the target board. Check the network connection.</entry>
        <entry key="TCPConnectionFailed">Cannot establish a TCP/IP connection to the board using device address "{0}, user name "{1}", password "{2}". Check if the device address, user name,  and password are correct.</entry>
        <entry key="InvalidBoardPref">No live connection established with the target hardware. For creating a live connection, see &lt;a href="matlab:helpview([docroot '/supportpkg/nvidia/ref/jetson.html'])"&gt;jetson&lt;/a&gt; for NVIDIA Jetson board and &lt;a href="matlab:helpview([docroot '/supportpkg/nvidia/ref/drive.html'])"&gt;drive&lt;/a&gt; for NVIDIA Drive board.</entry>

        <!--Executable launch on target-->
        <entry key="ExeNotAvailable">The executable {0} is not found on the hardware.</entry>
        <entry key="InvalidProcessId">Expected a vector array of numeric PID values or a character array representing PID numbers.</entry>
        <entry key="DisplayExeLog">Displaying the simple runtime log for the executable...\n{0}\nNote: For the complete log, run the following command in the MATLAB command window:\nsystem(hwobj,'cat {1}')
        </entry>
        <entry key="ExeLaunch">### Launching the executable on the target...</entry>
		<entry key="ExeLaunchFailed">Unable to launch the executable.</entry>
        <entry key="ExeLaunchSuccessful">Executable launched successfully with process ID {0}.</entry>
        <entry key="ExeWithSameName">Another instance of the same executable is already running.</entry>
        <entry key="KillExeWithSameName">"### Killing the currently running executable...</entry>

        <!--Board utility APIs-->
        <entry key="FailedGettingInfo">Unable to fetch information about {0}.</entry>
        <entry key="JetsonL4TVersion">Jetson L4T version is: {0}.</entry>
        <entry key="DriveSDKPDKVersion">Drive SDK/PDK version is: {0}.</entry>
        <entry key="PopenError">Error executing command. System returned an exit status of {0}.</entry>

        <!--Target  installation checks-->
        <entry key="CudnnNotAvailable">Unable to find cuDNN libraries on the target. Install the libraries by using Jetpack for a Jetson target or driveinstall for a DRIVE target.</entry>
        <entry key="TensorrtNotAvailable">Unable to find TensorRT libraries on the target. Install the libraries by using Jetpack for a Jetson target or driveinstall for a DRIVE target.</entry>
        <entry key="CudaNotAvailable">Unable to find CUDA installation.</entry>
        <entry key="SdlLibNotAvailable">Unable to find the SDL 1.2 library on the target.</entry>
        <entry key="SdlDevLibNotAvailable">Unable to find the SDL 1.2 library development tools on the target.</entry>
        <entry key="ALSAUtilsNotAvailable">Unable to find 'alsa-utils' package on the target. This package is required for audio capture and audio playback features. Install the package using "apt-get"</entry>
        <entry key="SoXNotAvailable">Unable to find one of the packages "sox", "libsox-fmt-all" or "libsox-dev". Make sure to have installed these packages on the target hardware using "apt-get". These are required for successful deployment of Audio File Read block in Simulink. </entry>
        <entry key="NvccPathNotSet">Unable to find 'nvcc' on the system path. Update the '.bashrc' script on the target to set up the required environment variables.</entry>
        <entry key="CheckCuda">Checking for CUDA availability on the Target...</entry>
        <entry key="CheckNvcc">Checking for 'nvcc' in the target system path...</entry>
        <entry key="CheckCudnnLib">Checking for cuDNN library availability on the Target...</entry>
        <entry key="CheckTensorrtLib">Checking for TensorRT library availability on the Target...</entry>
        <entry key="CheckTpLibraries">Checking for third-party library availability on the Target...</entry>
        <entry key="CudaLibCheckComplete">Checking for prerequisite libraries is complete.\nGathering hardware details...</entry>
		<entry key="NonTestedBoard">Found untested target platform. While the Nvidia support package supports the Jetson and DRIVE board families, the specified target has not been fully tested. You may experience incompatibilities and/or issues with some of the functionality provided by this support package.</entry>
        <entry key="OpencvNotAvailable">Unable to find the OpenCV libraries on the target. Install the OpenCV packages on the target hardware using Jetpack or a package manager. Use the "pkg-config" command in the Linux terminal to verify the OpenCV installation.</entry>
        <entry key="HardwareDetails">Gathering hardware details is complete.\n
            Board name              : {0}\n
            CUDA Version            : {1}\n
            cuDNN Version           : {2}\n
            TensorRT Version        : {3}\n
            GStreamer Version       : {4}\n
            V4L2 Version            : {5}\n
            SDL Version             : {6}\n
            OpenCV Version          : {7}\n
            Available Webcams       : {8}\n
            Available GPUs          : {9}
        </entry>
        <entry key="AvailableDigitalPins">{0}Available Digital Pins  : {1}</entry>
        <!-- Target setup -->
        <entry key="v4l2InstallFailed">Failed to install v4l2 utility tools. Ensure that hardware board has Internet access. Without v4l2 utility tools webcam devices cannot be accessed.</entry>
        <entry key="v4l2NotAvailable">Install v4l2 utility tools on the target to access webcam devices. For information on software prerequisites, see &lt;a href="matlab:helpview([docroot '/supportpkg/nvidia/ug/install-and-setup-prerequisites.html'])"&gt;Install and Setup Prerequisites for NVIDIA Boards&lt;/a&gt;.</entry>
        
        <!-- Webcam -->
        <entry key="NoWebcam">Webcam not detected.</entry>
        <entry key="WebcamInUse">{0} is in use. Before creating a new connection, you must terminate the existing connection by clearing the webcam object.</entry>
        <entry key="InvalidWebcamIndex">{0} is not a valid camera index. Check the AvailableWebcams property of the jetson/drive object to find the valid camera index.</entry>
        <entry key="InvalidWebcamName">{0} is not a valid camera name. Check the AvailableWebcams property of the jetson/drive object for valid camera names.</entry>
        <entry key="InvalidWebcamResolution">{0} is not a valid resolution setting. Check the AvailableResolutions property of the jetson/drive object for valid resolutions.</entry>
        <entry key="ErrorWebcamSnapshot">Failed to get a snapshot from the webcam. Try calling snapshot again.</entry>

        <!-- Display -->
        <entry key="imageDisplayInUse"> Connection to imageDisplay already exits. Only one imageDisplay connection is permitted.</entry>

        <!-- Object load and save -->
        <entry key="SaveNotSupported">{0} objects cannot be saved to or loaded from a MAT-file.</entry>
        <entry key="LoadNotSupported">{0} objects cannot be loaded from a MAT-File. Clear the {1} object loaded from the MAT-file and re-create it.</entry>

        <!-- PIL support -->
        <entry key="LaunchPILAppMessage">### Launching application {0}...</entry>
        <entry key="PILApplicationDidNotStart">PIL Application did not start within allotted time.</entry>
        <entry key="DiagnosticInformation">Diagnostic information:\n</entry>
        <entry key="TcpPortInUse">
            Another process (PID: {0}) is using the TCP/IP port {1} required for PIL communication.
            In order to run the PIL simulation, execute the following
            &lt;a href="matlab:disp(''### Killing process...'');clear('mex');hw={2};killProcess(hw,''{3}'');disp(''### Done...'');clear hw;">clear('mex');hw={4};killProcess(hw,''{5}'')&lt;/a&gt; to kill
            the process using the TCP/IP port {6}.
        </entry>
        <entry key="TcpPortNotFree">Port {0} is not free. Ensure that port value is not used by any other Linux processes. For example, SSH uses port 22.\n</entry>
        <entry key="PILExecTerminateSuccessful">PIL execution terminated on target.</entry>
        <entry key="PILPort">PIL execution is using Port {0}.</entry>
        <entry key="PILTimeout">PIL execution is using {0} Sec(s) for receive time-out.</entry>
        <entry key="PILTimeoutSetSuccess">PIL execution receive time-out is set to {0} Sec(s). Regenerate this PIL MEX for applying this new value.</entry>
        <entry key="PILPortSetSuccess">Port {0} is set for PIL execution. Generate PIL MEX for applying this new value.</entry>
        <entry key="PILRuntimeLog"> Runtime log on Target:\n{0}</entry>
        
        <!-- GPU Coder profiling -->
        <entry key="ProfInvalidHardware">Specified Hardware is not supported for GPU profiling. Expecting 'NVIDIA Jetson' or 'NVIDIA Drive'</entry>
        <entry key="ProfInvalidCoderTarget">Profiling is supported for only 'lib' target.</entry>
        <entry key="ProfHardwareNotAvailable">Unable to connect the specified hardware on the network.</entry>
        <entry key="ProfDataFileNotFound">Unable to find the profiling data file on the target.</entry>
        <entry key="UserNotSudoer">Specified user name must belong to the sudoer group.</entry>
        
        <!-- VideoReader -->
        <entry key="VideoReaderMinArgs">'Incorrect number of input arguments. Specify the parameters ‘Width’ and ‘Height’ followed by a corresponding value.'</entry>
        <entry key="InvalidNumArgs">Incorrect number of input arguments. Each parameter name must be followed by a corresponding value.</entry>
        <entry key="CoderSetStyleNotSupported">'Incorrect syntax. Use name-value pairs to set properties.'</entry>
        <entry key="GstDevLibsNotAvailable">'GStreamer-1.0 libraries are not available on the target. For information on software prerequisites, see &lt;a href="matlab:helpview([docroot '/supportpkg/nvidia/ug/install-and-setup-prerequisites.html'])"&gt;Install and Setup Prerequisites for NVIDIA Boards&lt;/a&gt;.'</entry>

        <!-- Camera board -->
        <entry key="NoCameraOnTarget">No camera found on the target.</entry>
        <entry key="InvalidCameraName">''{0}'' is not a valid camera name. Run the getCameraList method of the jetson/drive object for getting camera names.</entry>
        <entry key="InvalidCameraResolution">''{0}'' is not a valid resolution setting. Run the getCameraList method of the jetson/drive object for valid resolutions.</entry>
        <entry key="CameraSnapshotFailed">Failed to get a snapshot from the camera. Try calling snapshot again.</entry>
        <entry key="CameraDeviceMismatch">No video device ''{0}'' with name ''{1}''.</entry>
        <entry key="NoSuchProperty">Unrecognized parameter name ''{0}''. Parameter name must be 'VideoDevice'. </entry>
        <entry key="MaximumCamerasOpened">Maximum allowed camera connections are reached, {0} are allowed. Make sure to free any other camera connection to make a new connection.</entry>
        <entry key="InvalidVideoFile">Video file is not available. </entry>
        <entry key="InvalidCurrentTime">‘CurrentTime’ value must be less than the duration of the video. </entry>  

        <!-- GPIO -->
        <entry key="PinNotOpened">Pin {0} is not initialized.</entry>
        <entry key="UnexpectedDigitalPinNumber">Unexpected pin number. Use AvailableDigitalPins property for a list of pin numbers you can use.</entry>
        <entry key="InvalidDigitalInputValue">Unexpected digital I/O value. Digital I/O values must be logical (true or false).</entry>   
        <entry key="InvalidDigitalWrite">Pin {0} was previously configured as ''{1}''. Set the pin configuration to 'DigitalOutput' using configurePin method to set the pin state.</entry>
        <entry key="InvalidDigitalRead">Pin {0} was previously configured as ''{1}''. Set the pin configuration to 'DigitalInput' using configurePin method to read the pin state.</entry>
        <entry key="GPIOPinMapNotAvailable">Unable to determine the GPIO pin map of the board. Please contact technical support for assistance.</entry>
        <entry key="BoardNotIdentified">Unable to determine the board.</entry>
        
        <!-- MODBUS -->
        <entry key="ModbusInvalidFcnWrite">Invalid function name {0}. Use coils and holdingregs.</entry>
        <entry key="ModbusInvalidFcn">Invalid target function ''{0}''. Use coils, inputs, inputregs and holdingregs.</entry>
        <entry key="InvalidModbusMode">Invalid mode of operation ''{0}''. Allowed modes are 'server' and 'client'.</entry>
        <entry key="ServerWriteToMultipleLocError">Server can only write to a single location.</entry>
        <entry key="ModbusInvalidAddress">Invalid address. Address must be more than or equal to {0}.</entry>
        <entry key="ModbusServerNoRegs">Atleast one register must be provided.</entry>
        <entry key="RegNotCreated">{0} not initialized.</entry>
    </message>
</rsccat>
