{ "schema" : "referenceapi_schema.json",
  "schemaVersion" : "1.0",
  "productName" : "MATLAB Support Package for IP Cameras",
  "baseCode" : "ML_IP_CAMERAS",
  "helpFolder" : "ipcamera",
  "helpLocation" : "supportpkg\/ipcamera",
  "refItems" : [

    { "href" : "ug\/closepreview.html",
      "refentity" : 
      [ 
        { "type" : "function",
          "name" : "closePreview",
          "fcntype" : "simple" } ],
      "refpurpose" : "Close IP camera preview window",
      "introduced" : "R2015a",
      "description" : "This MATLAB function closes the IP camera preview window for the ipcam object cam.",
      "syntaxgroup" : 
      [ 
        { "title" : "",
          "syntax" : 
          [ "closePreview(cam)" ] } ],
      "seealso" : 
      [ 
        { "url" : "ipcam.html",
          "name" : "ipcam" },
        
        { "url" : "preview.html",
          "name" : "preview" },
        
        { "url" : "snapshot.html",
          "name" : "snapshot" } ] },
    { "href" : "ug\/ipcam.html",
      "refentity" : 
      [ 
        { "type" : "function",
          "name" : "ipcam",
          "fcntype" : "simple" } ],
      "refpurpose" : "Create ipcam object to acquire images from an IP camera",
      "introduced" : "R2015a",
      "description" : "This MATLAB function creates the ipcam object cam, where URL is a character vector value that identifies a particular camera by its URL and connects it to the camera with that address.",
      "syntaxgroup" : 
      [ 
        { "title" : "",
          "syntax" : 
          [ "cam = ipcam('URL')",
            "cam = ipcam('URL', 'Timeout', Timeout)",
            "cam = ipcam('URL', 'Username', 'Password')",
            "cam = ipcam('URL', 'Username', 'Password', 'Timeout', Timeout)" ] } ],
      "inputs" : 
      [ 
        { "name" : "URL",
          "purpose" : "URL of the IP camera",
          "htmlid" : "burasvx-1-URL",
          "value" : 
          [ "character vector" ] },
        
        { "name" : "Username",
          "purpose" : "User name for the IP camera",
          "htmlid" : "burasvx-1-Username",
          "value" : 
          [ "character vector" ] },
        
        { "name" : "Password",
          "purpose" : "Password for the IP camera",
          "htmlid" : "burasvx-1-Password",
          "value" : 
          [ "character vector" ] },
        
        { "name" : "Timeout",
          "purpose" : "Timeout duration",
          "htmlid" : "burasvx-1-Timeout",
          "value" : 
          [ "numeric value, in seconds",
            "10" ],
          "defaultvalue" : "10" } ],
      "seealso" : 
      [ 
        { "url" : "preview.html",
          "name" : "preview" },
        
        { "url" : "snapshot.html",
          "name" : "snapshot" },
        
        { "url" : "closepreview.html",
          "name" : "closePreview" } ] },
    { "href" : "ug\/preview.html",
      "refentity" : 
      [ 
        { "type" : "function",
          "name" : "preview",
          "fcntype" : "simple" } ],
      "refpurpose" : "Preview live video data from IP camera",
      "introduced" : "R2015a",
      "description" : "This MATLAB function creates a preview window that displays live video data for ipcam object cam.",
      "syntaxgroup" : 
      [ 
        { "title" : "",
          "syntax" : 
          [ "preview(cam)" ] } ],
      "seealso" : 
      [ 
        { "url" : "ipcam.html",
          "name" : "ipcam" },
        
        { "url" : "snapshot.html",
          "name" : "snapshot" },
        
        { "url" : "closepreview.html",
          "name" : "closePreview" } ] },
    { "href" : "ug\/snapshot.html",
      "refentity" : 
      [ 
        { "type" : "function",
          "name" : "snapshot",
          "fcntype" : "simple" } ],
      "refpurpose" : "Acquire single image frame from an IP camera",
      "introduced" : "R2015a",
      "description" : "This MATLAB function acquires a single image from the IP camera cam and assigns it to img.",
      "syntaxgroup" : 
      [ 
        { "title" : "",
          "syntax" : 
          [ "img = snapshot(cam);",
            "[img,ts] = snapshot(cam);" ] } ],
      "outputs" : 
      [ 
        { "name" : "ts",
          "purpose" : "Timestamp of the snapshot",
          "htmlid" : "busy9ya-1-ts",
          "value" : 
          [ "datetime object, in seconds" ] } ],
      "seealso" : 
      [ 
        { "url" : "ipcam.html",
          "name" : "ipcam" },
        
        { "url" : "preview.html",
          "name" : "preview" },
        
        { "url" : "closepreview.html",
          "name" : "closePreview" } ] }
  ]
}