<?xml version="1.0" encoding="utf-8"?>
<toc version="2.0">
<tocitem target="functionlistbycat.html">Functions
<tocitem target="image-acquistion.html">Image Acquisition
<tocitem target="ug/ipcam.html">
<name>ipcam</name>
<purpose>Create  object to acquire images
from an IP camera</purpose>
</tocitem>
<tocitem target="ug/preview.html">
<name>preview</name>
<purpose>Preview live video data from IP camera</purpose>
</tocitem>
<tocitem target="ug/snapshot.html">
<name>snapshot</name>
<purpose>Acquire single image frame from an IP camera</purpose>
</tocitem>
<tocitem target="ug/closepreview.html">
<name>closePreview</name>
<purpose>Close IP camera preview window</purpose>
</tocitem>
</tocitem>
</tocitem>
</toc>
