<?xml version="1.0" encoding="utf-8"?><data xmlns="https://www.mathworks.com/help/ref/data" count="4"><cat init="C"><ref target="ug/closepreview.html" name="closePreview" init="C"><purpose>Close IP camera preview window</purpose></ref></cat>
<cat init="I"><ref target="ug/ipcam.html" name="ipcam" init="I"><purpose>Create <code xmlns="http://www.w3.org/1999/xhtml" class="literal">ipcam</code> object to acquire images
from an IP camera</purpose></ref></cat>
<cat init="P"><ref target="ug/preview.html" name="preview" init="P"><purpose>Preview live video data from IP camera</purpose></ref></cat>
<cat init="S"><ref target="ug/snapshot.html" name="snapshot" init="S"><purpose>Acquire single image frame from an IP camera</purpose></ref></cat>
</data>