<?xml version="1.0" encoding="utf-8"?><data xmlns="https://www.mathworks.com/help/ref/data" count="2"><cat target="index.html"><title>MATLAB Support Package for IP Cameras</title><cat target="ipcam-setup-and-configuration.html"><title>Device Connection</title></cat>
<cat target="image-acquistion.html"><title>Image Acquisition</title><ref target="ug/acquire-images-from-an-ip-camera-android-app.html" name="Acquire Images from an IP Camera Android App" open_cmd="matlab:openExample('ipcamera/AcquireImagesFromAnIPCameraAndroidAppExample')" ex_type="Live Script" family="MATLAB" img="../../examples/ipcamera/win64/AcquireImagesFromAnIPCameraAndroidAppExample_01.png" alt="Acquire Images from an IP Camera Android App"><sum>Use your Android phone as an IP camera and acquire
                    images from it.</sum></ref><ref target="ug/detect-circles-from-ip-camera-using-image-processing-toolbox.html" name="Detect Circles from IP Camera Using Image Processing Toolbox" open_cmd="matlab:openExample('ipcamera/DetectCirclesFromIPCameraUsingImageProcessingToolboxExample')" ex_type="Live Script" family="MATLAB" img="../../examples/ipcamera/win64/DetectCirclesFromIPCameraUsingImageProcessingToolboxExample_03.png" alt="Detect Circles from IP Camera Using Image Processing Toolbox"><sum>Detect circles from images acquired on the IP camera
                    using Image Processing Toolbox functions.</sum></ref></cat>
<cat target="troubleshooting-in-matlab-support-package-for-ip-cameras.html"><title>Troubleshooting in MATLAB Support Package for IP Cameras</title></cat>
</cat></data>