
[
  {
  "id":"ipcamera.DetectCirclesFromIPCameraUsingImageProcessingToolboxExample",
  "title":"Detect Circles from IP Camera Using Image Processing Toolbox",
  "path":"ug/detect-circles-from-ip-camera-using-image-processing-toolbox.html",
  "supportingFiles":
    [
      "DetectCirclesFromIPCameraUsingImageProcessingToolboxExample.mlx"
    ]
  },
  {
  "id":"ipcamera.AcquireImagesFromAnIPCameraAndroidAppExample",
  "title":"Acquire Images from an IP Camera Android App",
  "path":"ug/acquire-images-from-an-ip-camera-android-app.html",
  "supportingFiles":
    [
      "AcquireImagesFromAnIPCameraAndroidAppExample.mlx"
    ]
  }
]