{ "helplocation" : "supportpkg\/ipcamera",
    "locale" : "en",
    "helptargets" : 
    { "AcquireImagesFromAnIPCameraAndroidAppExample" : 
      [ 
        { "path" : "ug\/acquire-images-from-an-ip-camera-android-app.html",
          "page_format" : "doc_center" } ],
      "DetectCirclesFromIPCameraUsingImageProcessingToolboxExample" : 
      [ 
        { "path" : "ug\/detect-circles-from-ip-camera-using-image-processing-toolbox.html",
          "page_format" : "doc_center" } ],
      "ipcamera_doccenter-examplelandingpage" : 
      [ 
        { "path" : "examples.html",
          "page_format" : "doc_center" } ],
      "ipcamera_doccenter-prodlandingpage" : 
      [ 
        { "path" : "index.html",
          "page_format" : "doc_center" } ],
      "ipcamera_rn-rnlandingpage" : 
      [ 
        { "path" : "release-notes.html",
          "page_format" : "doc_center" } ],
      "ipcamoverview" : 
      [ 
        { "path" : "ug\/ip-camera-acquistion-overview.html#mw_40834fe6-3b3e-4f6f-9a42-2b08d43418b5",
          "page_format" : "doc_center" } ] } }