<?xml version="1.0" encoding="UTF-8" ?>
<!-- Copyright 2011-2022 The MathWorks, Inc. -->
<rsccat version="1.0" locale="en_US" product="dlcoder_spkg">
    <message>
        <entry key="buildfailure">CNN project build failed. See 'help cnncodegen'.</entry>
        <entry key="forcing_target_file_ext">Forcing targetfile extension from {0} to .cpp.</entry>
        <entry key="unsupported_convolutiontype">{0} is unsupported in specified version for {1} .Needs arm compute version greater than or equal to {2}. </entry>
        <entry key="invalid_networkname">Invalid input argument for network name in DeepLearningNetwork constructor. Network name must be a valid C++ identifier name.</entry>
        <entry key="invalid_inputsize">Invalid size specification for the input to the predict method. The network input must have height {0}, width {1} and channel size {2}.</entry>
        <entry key="invalid_inputsize_activations">Size of the input images for the activations method must be greater than or equal to the size of the network input [{0} {1} {2}].</entry>
        <entry key="invalid_inputsize_featureInputLayer">Invalid size specification for the input to the {1} method. The network input must have feature dimension {0}.</entry>
        <entry key="invalid_input">Input data of logical type is not supported for {0} method.</entry>
        <entry key="VariableSizeInput">Input passed to predict and activations method must be a fixed size variable for code generation.</entry>
        <entry key="invalid_layerIdx">Invalid layer argument {0}. Layer must be a valid numeric index or name of a layer in the network.</entry>
        <entry key="nonconst_layerArg">Layer argument to activations function must be a codegen constant for code generation.</entry>
        <entry key="invalid_outputAsOption">Invalid ''OutputAs'' options passed to activations function. The OutputAs option must be a code gen constant and set to ''channels''.</entry>
        <entry key="invalid_fieldname">Invalid field name {0}. Expected a char or a string for field name.</entry>
        <entry key="unsupported_portname">Codegen does not support querying activations for port ''{0}'' of layer ''{1}''.</entry>
        <entry key="invalid_trainingbatches">Insufficient images provided, {0}. The number of images in the calibration data directory must be greater than NumCalibrationBatches*batchsize, {1}. </entry>
        <entry key="unsupported_outputlayer">TensorRT INT8 supports only classification networks. Output layer of network must be a ClassificationOutputLayer</entry>
        <entry key="unsupported_layer">Code generation for {0} is not supported for target library ''{1}''. See documentation for a list of supported layers with each target library.</entry>
        <entry key="unsupported_onedimensional_layers">Code generation for Convolution1DLayer, MaxPooling1DLayer, AveragePooling1DLayer, GlobalMaxPooling1DLayer, and GlobalAveragePooling1DLayer is not supported.</entry>
        <entry key="unsupported_SC_data">Code generation for SequenceInputLayers with a two-element InputSize property is not supported.</entry>
        <entry key="invalid_datapath"> 'DataPath' must point to a valid location. </entry>
        <entry key="mex_setup_visual_studio">Configure MEX using mex -setup C++ to use a supported version of Microsoft Visual C++ for C++ language compilation.</entry>
        <entry key="invalid_activation_tensorrt">Invalid activations layer argument ''{0}''. TensorRT does not support activations for input layer(s).</entry>
        <entry key="unsupported_comp">Found unsupported component ''{0}''.</entry>
        <entry key="unsupported_numGroups">Grouped convolution layer with channel-wise groups or more than 2 groups is not supported for code generation using the {0} library.</entry>
        <entry key="unsupported_input_normalization"> Code generation is not supported for input normalization specified as a function handle. </entry>
        <entry key="unsupported_invalid_normalization"> Code generation is not supported for {0} normalization. </entry>
        <entry key="rmDirfailure">Error cleaning up existing code generation directory.{0}</entry>
        <entry key="unsupported_croppingsize">Code generation for TransposedConvolution2DLayer with asymmetric cropping is not supported for ''{0}'' library.</entry>
        <entry key="unsupported_paddingsize">For the {0} target, code generation is  not supported for the padding values specified in the {1} layer. The top and left padding values must be the same. The  bottom and right padding values must be the same.</entry>
        <entry key="PaddingValueNotSupported">Layer ''{0}'' has a non-default padding value. Code generation for {1} only supports padding value equal to 0.</entry>
        <entry key="unsupported_arm_compute_version">Code generation for {0} is not supported in specified arm compute version. Needs arm compute version greater than or equal to {1}. </entry>
        <entry key="LSTMNetworkNotSupportedForINT8">Code generation for sequence networks is not supported for {0} library with {1} datatype.</entry>
        <entry key="ErrorLicenseCheckout" translate="false">Unable to check out license for {0}. {0} is required for deep learning code generation for target library {1}.</entry>
        <entry key="CodeGenWithInstrumentationFailed">Error generating code with dnn_instrumentation dependency. Invalid Mex Toolchain name {0}.</entry>
        <entry key="invalid_height">Invalid image height for the input to the {1} method. The network input must have image height {0}.</entry>
        <entry key="invalid_width">Invalid image width for the input to the {1} method. The network input must have image width {0}.</entry>
        <entry key="invalid_channels">Invalid number of image channels for the input to the {1} method. The network input must have number of image channels {0}.</entry>
        <entry key="invalid_featuredimension">Invalid number of features for the input to the {1} method. The network input must have number of features {0}.</entry>
        <entry key="VariableHeight">Image height of input passed to the {0} method must be a code generation time constant.</entry>
        <entry key="VariableWidth">Image width of input passed to the {0} method must be a code generation time constant.</entry>
        <entry key="VariableChannels">Number of image channels of input passed to the {0} method must be a code generation time constant.</entry>
        <entry key="VariableFeatureDimension">Number of features of input passed to the {0} method must be a code generation time constant.</entry>
        <entry key="VariableBatchSize">Batch size of input passed to the {0} method must be a code generation time constant.</entry>
        <entry key="VariableMiniBatchSize">MiniBatchSize value passed to the {0} method must be a code generation time constant.</entry>
        <entry key="VariableReturnCategorical">ReturnCategorical value passed to the predict method must be a code generation time constant.</entry>
        <entry key="VaryingInputSize">Size of the input data {0} passed to the {2} method must be the same as the size of previous input data {1} passed to other codegen supported methods on the same network object.</entry>
        <entry key="VaryingBatchSize">Batch size {0} of the input data passed to the {2} method must be the same as the batch size {1} of previous input data passed to other codegen supported methods on the same network object.</entry>
        <entry key="VaryingMiniBatchSize">MiniBatchSize value {0} passed to the {2} method must be the same as the MiniBatchSize value {1} passed to other codegen supported methods on the same network object. Note that if MiniBatchSize is not explicitly passed in, it is automatically inferred. See the documentation for details on how MiniBatchSize is calculated.</entry>
        <entry key="InvalidReturnCategoricalType">ReturnCategorical value passed to the predict method must be a logical scalar.</entry>
        <entry key="TimeseriesHaveDifferentHeights">Each sequence must have the same image height.</entry>
        <entry key="TimeseriesHaveDifferentWidths">Each sequence must have the same image width.</entry>
        <entry key="TimeseriesHaveDifferentChannels">Each sequence must have the same number of image channels.</entry>
        <entry key="TimeseriesHaveDifferentFeatureDimensions">Each sequence must have the same number of features.</entry>
        <entry key="UnsupportedStateActivationFunction">State activation function {0} for {1} is not supported for {2} target. Only tanh is supported as the state activation function.</entry>
        <entry key="UnsupportedGateActivationFunction">Gate activation function {0} for {1} is not supported for {2} target. Only sigmoid is supported as the gate activation function.</entry>
        <entry key="FailedToWriteParameters">Unable to write network parameters to disk. Please check available space on your disk.</entry>
        <entry key="BadCellArrayFormat">Input cell array must be of size [m 1], where m is a positive integer.</entry>
        <entry key="BadTimeseriesFormat">Every sequence must be a numeric array of size [m n], where m and n are positive integers.</entry>
        <entry key="unsupported_eltaff_param">The input and scale/offset sizes are not supported for code generation in layer ''{0}''. For codegen, the scale and offset must each be one of: a scalar value, a per-channel vector, a HxW matrix, or HxWxC array matching the input size. </entry>
        <entry key="unsupported_flattencstyle_input">Code generation is not supported for layer ''{0}'' with input data format ''{1}''. Supported data formats are "SSC" or "SSCB".</entry>
        <entry key="InvalidMiniBatchSize">MiniBatchSize property passed to the {0} method must be a positive integer.</entry>
        <entry key="InvalidInputImageData">For networks with an ImageInputLayer, the input data must be a single image or a 4-D array of images.</entry>
        <entry key="InvalidInputVectorData">For networks with a FeatureInputLayer, the input data must be a single vector or a 2-D array of vectors.</entry>
        <entry key="ImageSequence3dUnsupported">SequenceInputLayers that take in 3D image sequences are not supported for code generation.</entry>
        <entry key="InvalidNetworkForClassify">classify function is not supported for regression networks. Use predict instead of classify function.</entry>
        <entry key="ClassifyInvalidForMultipleOutputs">Networks with multiple outputs are not supported with 'classify' function.</entry>
        <entry key="MIMONotSupportedForLSTMs">Multiple-input multiple-output LSTM networks are not supported for code generation.</entry>
        <entry key="MultiInputNotSupported">Code generation for Multiple-input networks is not supported for {0} library with {1} data type.</entry>
        <entry key="MultiOutputNotSupported">Code generation for Multiple-output networks is not supported for {0} library with {1} data type.</entry>
        <entry key="InsufficientInputs">Insufficient number of inputs to function. Expected at least {0} inputs.</entry>
        <entry key="VariableSequencePaddingValue">SequencePaddingValue value passed to the {0} method must be a code generation time constant.</entry>
        <entry key="VariableSequencePaddingDirection">SequencePaddingDirection value passed to the {0} method must be a code generation time constant.</entry>
        <entry key="InvalidSequencePaddingDirection">SequencePaddingDirection value passed to the {0} method must be either 'right' or 'left'.</entry>
        <entry key="VariableSequenceLength">SequenceLength value passed to the {0} {1} must be a code generation time constant.</entry>
        <entry key="InvalidSequenceLength">SequenceLength value passed to the {0} method is invalid. The only supported SequenceLength values for code generation are 'longest' and 'shortest'.</entry>
        <entry key="unsupportedSequenceLengthAndPaddingValue">SequenceLength ''{0}'', SequencePaddingDirection ''{1}'' with PaddingValue ''{2}'' is not supported for {3} target.</entry>
        <entry key="FunctionUnsupportedForTargetLib">Code generation for {0} is not supported for {1}.</entry>
        <entry key="FunctionUnsupportedForNonRecurrentNetworks">{0} is supported for recurrent neural networks only.</entry>
        <entry key="invalid_matfile">Invalid MAT file name {0}. MAT file name must be a code generation constant and name of a valid MAT file that exists in path.</entry>
        <entry key="IgnoreInputArg">Code generation does not support the argument ''{1}'' passed to ''{0}'' method. This argument will be ignored.</entry>
        <entry key="BadMiniBatchSizeForStateful">Code generation for predictAndUpdateState is unsupported when 'MiniBatchSize' is less than the number of input samples. Note that the default value of 'MiniBatchSize' is 128.</entry>
        <entry key="ImageSequenceInputNotSupported">Code generation does not support sequenceInputLayers with image sequence inputs for {0}.</entry>
        <entry key="InvalidDLquantizerObject">Invalid 'dlquantizer' object in the specified CalibrationResult MAT-file.</entry>
        <entry key="MissingCalibrationResultsFile">For INT8 code generation, the coder.DeepLearning.CalibrationResultFile property should specify path to a MAT-file containing a single dlquantizer object.</entry>
        <entry key="InvalidExecutionEnvironment">dlquantizer object used for GPU Code generation should have an ExecutionEnvironment set to GPU.</entry>
        <entry key="MissingNetworkFromDlquantizerObject">'Net' property in dlquantizer was found to be empty. 'Net' property of the 'dlquantizer' object must match the one used during calibration..</entry>
        <entry key="CalibrationStatisticsIsEmptyInDlquantizerObject">Invalid calibration statistics in the specified CalibrationResult MAT-file.</entry>
        <entry key="IncorrectNetworkObject">The network specified for INT8 code generation must match the one used during calibration.</entry>
        <entry key="UseFp16ForHalfInput">The input to {0} function is detected to be half-precision. To enable mixed-precision inference, set 'DataType' property to 'fp16'</entry>
        <entry key="InvalidFeatureControlFlag">Invalid feature control flag. Feature control flag ''{0}'' doesn't exist.</entry>
        <entry key="InvalidFeatureControlValue">Invalid feature control value. Allowed feature control values are ''{0}''.</entry>
        <entry key="BufferReuseOffNotSupported">Failed to generate code for ''{0}''. Code generation for custom layers is not supported with BufferReuse off.</entry>
        <entry key="UnsupportedResetGateMode">ResetGateMode ''{0}'' is not supported. The only values for ResetGateMode supported for codegen are 'after-multiplication' and 'recurrent-bias-after-multiplication'.</entry>
        <entry key="XcodeUnavailable">Unable to find Xcode on host computer. Code generation for MKL-DNN target on macOS requires Xcode to be installed. For supported Xcode versions, see &lt;a href="matlab:web('https://www.mathworks.com/support/requirements/supported-compilers.html')"&gt;Supported Compilers&lt;/a&gt;</entry>
        <entry key="UnsupportedXcodeVersion">Unsupported Xcode version {0}. For supported Xcode versions, see &lt;a href="matlab:web('https://www.mathworks.com/support/requirements/supported-compilers.html')"&gt;Supported Compilers&lt;/a&gt;.</entry>
        <entry key="UnsupportedLayerParameter">Layer hyper-parameters for custom layer ''{0}'' must be  numeric scalar, scalar logical, character or string array, or a matrix of type double or single.</entry>
        <entry key="CnnCodegenNotSupportedForCustomLayers">Networks with custom layers are not supported for code generation using ''cnncodegen'' command. Use ''codegen'' function instead.</entry>
        <entry key="PrivateLayerParameter">Layer properties with private GetAccess are not supported for code generation for custom layer ''{0}''. </entry>
        <entry key="UnsupportedLayerRNN">Code generation for {0} is not supported for sequence networks for {1} target. See documentation for a list of supported layers with each target for sequence networks.</entry>
        <entry key="MustSpecifyOutputForMultipleOutputLayer">Layer ''{0}'' has multiple outputs. Specify which output of layer ''{0}'' to use.</entry>
        <entry key="VariableOutputSizeDimension">For code generation dimension {0} of output {1} of layer {2} should be fixed-size.</entry>
        <entry key="UnsupportedZeroInternalMemoryGrt">To generate code for deep learning models, ''CodeInterfacePackaging'' must be set to ''C++ class'' when ''SystemTargetFile'' is set to grt.tlc.</entry>
        <entry key="UnsupportedZeroInternalMemoryErt">To generate code for deep learning models, ''ZeroInternalMemoryAtStartup'' must be set to ''off'' when ''SystemTargetFile'' is set to ert.tlc.</entry>
        <entry key="UnsupportedGenerateAllocFcn">To generate code for deep learning models, ''GenerateAllocFcn'' must be set to ''off''.</entry>
        <entry key="IncorrectNumPorts" translate="false">Number of port indices should be same as number of activation layer indices.</entry> <!--internal error-->
        <entry key="IncorrectHWDimsForCcodegen" translate="false">{0} dimension of output should be 1.</entry> <!--internal error-->
        <entry key="unsupported_outputSizeOffset">Code generation for TransposedConvolution2DLayer with the provided values for Stride, FilterSize and Cropping is not supported for ''{0}'' library.</entry>
        <entry key="UnsupportedACLForINT8">''{0}'' data type is not supported for ArmComputeVersion ''{1}''. Use ArmComputeVersion 20.20.1 for int8 code generation on ARM.</entry>
        <entry key="DLCoderInternalError" translate="false">Code generation for the deep neural network failed due to an internal error. Please contact technical support for assistance.</entry><!--internal error-->
        <entry key="DlArrayTypeInCustomLayer">Code generation for custom layer ''{0}'' is not supported as it returns a dlarray object.</entry>
        <entry key="DlarrayInputNotSupported">Code generation for Series and DAGNetwork methods does not support dlarray typed inputs.</entry>
        <entry key="DLNetworkNotSupportedForCnnCodegen">Code generation for dlnetwork is not supported using ''cnncodegen'' function. Use ''codegen'' function instead.</entry>
        <entry key="NoCodegenPragmaInCustomLayer">Unsupported custom layer ''{0}''. Code generation does not support custom layers without ''%#codegen'' defined in the class definition.</entry>
        <entry key="invalid_parameter_value">Invalid value for parameter ''{0}''. Parameter value must be {1}. </entry>
        <entry key="UnsupportedDatastore">Calibration datastore must be an imageDatastore. </entry>
        <entry key="imageDatastoreIsEmpty">Calibration datastore must not be empty. </entry>
        <entry key="NoInferenceCalls">Unable to set up deep learning network before invoking 'resetState'. Invoke 'predict', 'predictAndUpdateState', 'classify', 'classifyAndUpdateState' or 'activations' on the network before invoking 'resetState'.</entry>
        <entry key="ActivationUnsupportedForFusion" translate="false">Activation function ''{0}'' is not supported for fusion with preceding FullyConnectedLayer.</entry> <!--internal error-->
        <entry key="InvalidOutputDataType">Expected data type of output ''{0}'' of layer ''{1}'' to be single.</entry>
        <entry key="InvalidDlarrayOutputDataType">Expected data type of data array contained in dlarray output ''{0}'' of layer ''{1}'' to be single.</entry>
        <entry key="InvalidDlarrayOutputFormat">Code generation for custom layer ''{0}'' is not supported as it returns a dlarray object with data format ''{1}'' as output ''{2}''.</entry>
        <entry key="InvalidBatchSizeOutput">Code generation for custom layer ''{0}'' is not supported as it modifies the batch size of the input data. Expected batch size: ''{1}''. Actual batch size: ''{2}''.</entry>
        <entry key="CustomLayerMxArrayError">Code generation failed for custom layers in the deep learning network due to an internal error. Please contact technical support for assistance.</entry>
        <entry key="HasUnpoolingOutputsUnsupported">Property 'HasUnpoolingOutputs' set to true in 'maxPooling2dLayer' is not supported for code generation when the target library is set to 'none'.</entry>
        <entry key="FormattableNotSupported">Code generation for custom layer ''{0}'' in a SeriesNetwork or DAGNetwork is not supported as it operates on formatted dlarrays.</entry>
        <entry key="VarsizeCustomLayerNotSupported">Code generation for custom layer ''{0}'' with sequence inputs is not supported for sequence lengths of variable size.</entry>
        <entry key="VariableLearnableSize">Layer ''{0}'': Invalid learnable ''{1}''. Expected input to be of size {2}, but it is of variable size.</entry>
        <entry key="InvalidLearnableSize">Layer ''{0}'': Invalid learnable ''{1}''. Expected input to be of size {2}, but it is of size {3}.</entry>
        <entry key="InvalidLearnableType">Layer ''{0}'': Invalid learnable ''{1}''. Expected input to be single, but it is {2}.</entry>
        <entry key="IncorrectNumLearnables">Expected number of learnables for the deep neural network is not provided.</entry>
        <entry key="RNNLearnablesUnsupportedForTensorRT">Updating learnables for sequence networks is not supported for TensorRT target library.</entry>
        <entry key="UnsupportedMimoRnn">Code generation for layer {0} for target {1} is not supported when 'HasStateInputs' or 'HasStateOutputs' is true.</entry>
        <entry key="LayerIsNotWinogradCompatible">Layer {0} is not Winograd-compatible, you must select a different algorithm for this layer.</entry>
        <entry key="CustomLayersWithStateNotSupported">Code generation for custom layer ''{0}'' is not supported as it contains state.</entry>
        <entry key="DLNetworkNotSupportedForCMSISNN">Code generation for dlnetwork is not supported for  'cmsis-nn' target. Use SeriesNetwork or DAGNetwork instead.</entry>
		<entry key="UnsupportedToolchainForMkldnn"> Deep learning codegeneration using {0} toolchain is not supported for {1} target.See &lt;a href="matlab:web('https://www.mathworks.com/support/requirements/supported-compilers.html')"&gt;Supported Compilers&lt;/a&gt;.</entry>
        <entry key="LongWindowsPath">Unable to write file ''{0}'' as the file path exceeds the Windows limit of 260 characters. Generate code within a directory with a shorter path, to allow files to be created with shorter filenames.</entry>
        <entry key="FopenError">Unable to write file ''{0}'' due to ''{1}''.</entry>
        <entry key="InvalidSSDMergeLayerInputChannelSize">Code generation for ssdMergeLayer requires the channel input sizes to be divisible by the number of feature map channels 'NumChannels'. Layer ''{0}'' input ''{1}'' channel size ({2}) is not divisible by ({3}).</entry>
        <entry key="unsupported_dilation_factor"> For the {1} target, code generation is  not supported for the dilation values specified in the {0} layer for version {2}. Dilation factors must be unity for version {2}. Other values of dilation factors are supported when using default version. </entry> 
    </message>
</rsccat>

<!-- LocalWords:  targetfile batchsize DLayer dnn Hx Wx SSC SSCB LSTM dlquantizer fp Xcode MKL cmsis
     LocalWords:  dlarray dlnetwork Unpooling dlarrays learnables Winograd sequencelength nn
-->
