<?xml version="1.0" encoding="UTF-8" ?>
<!-- Copyright 2011-2021 The MathWorks, Inc. -->
<rsccat version="1.0" locale="en_US" product="dlcoder_spkg">
  <message>
    <entry key="invalidNetwork">First argument to validateNetwork must be a dlnetwork, DAGNetwork, or SeriesNetwork.</entry>
    <entry key="malformedInput">Third argument to validateNetwork must be a 1-by-n or n-by-1 cell array where n is the number of inputs to the network. For dlnetworks, the cell array must contain formatted dlarray objects or formatted placeholderArrays. For DAGNetworks or SeriesNetworks, the cell array must contain numeric arrays.</entry>
    <entry key="malformedDlarray">A dlarray input must have a valid 'DataFormat'. For example, 'SSC'.</entry>
    <entry key="malformedNumericArray">A numeric array input must be a 4-by-1 row vector containing height, width, channels, and batch size in that order. Singleton dimensions must be 1.</entry>
    <entry key="invalidDlnetworkInput">When the first argument to validateNetwork is a dlnetwork, the third argument must be a cell array of formatted dlarray objects or formatted placeholderArrays.</entry>
    <entry key="invalidDAGNetworkInput">When the first argument to validateNetwork is a DAGNetwork or SeriesNetwork, the third argument must be a cell array of numeric arrays.</entry>
    <entry key="AddLayerDimsMismatch">Input dimensions to additionLayer ''{0}'' do not match. For code generation, input dimensions of all inputs to additionLayer must match.</entry>
    <entry key="QNetCodegenNotSupported">Code generation for quantized network is not supported.</entry>
     <entry key="NonInitialRnnState">Code generation is not supported for DAGNetwork or SeriesNetwork objects containing LSTM, BiLSTM, or GRU layers with non-initial HiddenState or CellState properties. Before generating code, reset these states to the initial states by calling resetState.</entry>
  </message>
</rsccat>
