<?xml version="1.0" encoding="UTF-8" ?>
<!-- Copyright 2019-2021 The MathWorks, Inc.
-->
<rsccat version="1.0" locale="en_US" product="ioserver" xmlns:xsi="http://www.w3.org/2001/XMLSchema-instance" xsi:noNamespaceSchemaLocation="../../schema/msgcat.xsd">
    <message>
        <entry key="TransportLayerObjectCorrupted">Transport layer object is corrupted. Clear and recreate the hardware object.</entry>
        <entry key="InvalidTransportLayer">Invalid transport layer object. Supported transport layer are {0}.</entry>
        <entry key="UnableToReceiveData">Unable to receive data from the target hardware. \n For MATLAB, reconnect the target hardware, clear the hardware objects and try again. \n For Simulink, reconnect the target hardware and start simulation again.</entry>
        <entry key="StreamingPacketSizeInconsistent">Packet size is changing at runtime.</entry>
        <entry key="OnDemandBufferFull">Receive on demand storage buffer is full.</entry>
        <entry key="PeripheralResponseSizeMismatch">Response size for request ID 0x{0} is expected as {1} but received as {2}.</entry>
        <entry key="TransmissionOverrun">Not enough memory on the target to buffer the data. Data dropped may be seen in the logged data.</entry>
        <entry key="DebugObjectNotFound">No debug object is present on host to decode the trace messages from hardware. Either disable traceOn or create a new hardware object.</entry>
        <entry key="DebugMessageCorrupted">Error occurred while decoding the trace message corresponding to message Id {0}.</entry>
        <entry key="InvalidDebugMessageID">No debug message is defined for message id {0}.</entry>
        <entry key="I2CDeviceDisconnect">Unable to read the data from the I2C device. Check the connections between the hardware and device, For MATLAB clear the device object and try again. For Simulink, stop the simulation and start again.</entry>
        <entry key="I2CDeviceTimeOut">Reading data from I2C device timed out. This issue occurs when the connection between the hardware and I2C device is not intact. Check the connections between the hardware and device, For MATLAB clear the device object and try again. For Simulink, stop the simulation and start again.</entry>
        <entry key="LowSamplesPerRead">Time required to fetch one frame is too high. Consider reducing the SamplesPerRead or increasing the SampleRate.</entry>
        <entry key="IOProtocolStreamingBufferFull">The internal buffers to store data is full. Read data to clear the buffers so that you can continue reading data from the hardware.</entry>
        <entry key="InvalidSampleTime">The target hardware cannot read data as the Sample time/Sample rate is not a positive number.</entry>
        <entry key="CFunctionNotFound">No C function found on server for request ID "0x{0}".</entry>
        <entry key="MaximumTxPacketSize">Current Data size is {0} bytes. Data size must be less than or equal to {1} bytes.</entry>
        <entry key="MaximumRxPacketSize">Current response Data size is {0} bytes. Response Data size must be less than or equal to {1} bytes.</entry>
        <entry key="NotEnoughMemoryForBuffers">Not enough memory to create buffers on target. Increase the heap size or Sample time (decrease Sample rate) of the Source/Sensor.</entry>
        <entry key="ServerSchedulerInOverrun">The target hardware is in an overrun condition. Increase the Sample time (decrease Sample rate) of the Source/Sensor.</entry>
        <entry key="InvalidHeapUtilizationFactor">Utilization should be greater than zero and less than or equal to 1.</entry>
        <entry key="InvalidStopBit">Invalid Stop bit type value, expected value to be one of these values: 0.5, 1, 1.5 or 2</entry>
        <entry key="StreamingNotConfigured">Streaming configuration is not done. Configure streaming before starting to stream.</entry>
        <entry key="SampleRateNotConfigured">Sample rates not set for all sources. Set sample rate for all streaming sources.</entry>
        <entry key="InvalidDebugObject">Invalid debug object provided.</entry>
        <entry key="ExternalSerialDeprecated">'external' serial object creation is not supported. Instead, use 'internal' while creating the serial object.</entry>
        <entry key="ExternalTcpClientDeprecated">'external' tcpclient object creation is not supported. Instead, use 'internal' while creating the tcpclient object.</entry>
    </message>
</rsccat>

<!-- LocalWords:  serial tcpclient
-->
