{ "helplocation" : "supportpkg\/usbwebcams",
    "locale" : "en",
    "helptargets" : 
    { "AcquireOneImageFrameFromWebcamExample" : 
      [ 
        { "path" : "ug\/webcam.snapshot.html#buerk8_-4",
          "page_format" : "doc_center" } ],
      "AcquireWebcamImageLET" : 
      [ 
        { "path" : "ug\/acquirewebcamimage.html",
          "page_format" : "doc_center" } ],
      "AcquiringASingleImageInALoopExample" : 
      [ 
        { "path" : "examples\/acquiring-a-single-image-in-a-loop.html",
          "group" : "usbwebcams_examples",
          "page_format" : "doc_center" },
        
        { "path" : "ug\/acquiring-a-single-image-in-a-loop.html",
          "group" : "usbwebcams_ug",
          "page_format" : "doc_center" } ],
      "CloseWebcamPreviewExample" : 
      [ 
        { "path" : "ug\/webcam.closepreview.html#buerj2g-4",
          "page_format" : "doc_center" } ],
      "CreateAWebcamObjectUsingCameraNameExample" : 
      [ 
        { "path" : "ug\/webcam.html#buerllq-7",
          "page_format" : "doc_center" } ],
      "CreateAWebcamObjectUsingDeviceNumberAsAnIndexExample" : 
      [ 
        { "path" : "ug\/webcam.html#buerllq-6",
          "page_format" : "doc_center" } ],
      "CreateAWebcamObjectUsingNoArgumentsExample" : 
      [ 
        { "path" : "ug\/webcam.html#buerllq-5",
          "page_format" : "doc_center" } ],
      "DetectAndPlotWaterLevelChangeUSBWebcamLiveEditorTaskExample" : 
      [ 
        { "path" : "ug\/detect-plot-water-level-change-with-usb-webcam-live-editor-task.html",
          "page_format" : "doc_center" } ],
      "DisplayMultipleExternalWebcamsExample" : 
      [ 
        { "path" : "ug\/webcamlist.html#buerlx3-6",
          "page_format" : "doc_center" } ],
      "DisplaySingleWebcamExample" : 
      [ 
        { "path" : "ug\/webcamlist.html#buerlx3-4",
          "page_format" : "doc_center" } ],
      "LoggingVideoToDiskExample" : 
      [ 
        { "path" : "examples\/logging-video-to-disk.html",
          "group" : "usbwebcams_examples",
          "page_format" : "doc_center" },
        
        { "path" : "ug\/logging-video-to-disk.html",
          "group" : "usbwebcams_ug",
          "page_format" : "doc_center" } ],
      "PreviewWebcamImageExample" : 
      [ 
        { "path" : "ug\/webcam.preview.html#buerkej-4",
          "page_format" : "doc_center" } ],
      "PreviewWebcamImageWithCustomWindowExample" : 
      [ 
        { "path" : "ug\/webcam.preview.html#mw_2f34fba1-533e-4f20-8180-cb2e5fa46fa3",
          "page_format" : "doc_center" } ],
      "usbwebcams_doccenter-examplelandingpage" : 
      [ 
        { "path" : "examples.html",
          "page_format" : "doc_center" } ],
      "usbwebcams_doccenter-prodlandingpage" : 
      [ 
        { "path" : "index.html",
          "page_format" : "doc_center" } ],
      "usbwebcams_rn-rnlandingpage" : 
      [ 
        { "path" : "release-notes.html",
          "page_format" : "doc_center" } ] } }