<?xml version="1.0" encoding="UTF-8"?>
<!--Copyright 2021 The MathWorks, Inc.-->

<rsccat xmlns:xsi="http://www.w3.org/2001/XMLSchema-instance" version="1.0" locale="ja_JP" product="MATLAB" xsi:noNamespaceSchemaLocation="../../../../resources/schema/msgcat.xsd">
  <message>
    <entry key="missingDeviceName">CAN device name must be specified. Valid values for {0} are "{1}".</entry>
    <entry key="invalidDeviceName">Invalid CAN device name. Valid values for {0} are "{1}".</entry>
    <entry key="invalidCANIdentifierType">Invalid type for CAN Message Identifier. Enter a non-negative integer for ID.</entry>
    <entry key="invalidCANIdentifierValue">Invalid value specified for CAN Message Identifier. CAN Message Identifier must be a scalar integer between 0 and {0}, inclusive.</entry>
    <entry key="invalidLogicalValue">Invalid value for "{0}". Valid values are true and false.</entry>
    <entry key="invalidCANDataType">Invalid type for CAN Data. Enter a non-negative numeric vector of size 8</entry>
    <entry key="invaidCANDataLength">Data Length must be less than or equal to 8 bytes for CAN Messages.</entry>
    <entry key="invalidOscFreq">'OscillatorFrequency' value must be '16,000,000', '10,000,000', or '8,000,000'.</entry>
    <entry key="invalidCANBusSpeed">Invalid value for 'BusSpeed'. Valid numeric scalar values are: {0}.</entry>
    <entry key="databaseWithoutVNT">'Database' property is available only with &lt;a href="matlab: matlab.addons.supportpackage.internal.explorer.showSupportPackages(''VN'', ''tripwire''); "&gt;Vehicle‑Network Toolbox&lt;/a&gt;.</entry>
    <entry key="invalidDatabaseType">Database must be a can.Database object.</entry>
    <entry key="writeWhenSilent">SilentMode value of CAN channel object must be false to write into the channel.</entry>
    <entry key="invalidmaxMessagesType">Invalid type for {0}. Enter a positive numeric scalar value.</entry>
    <entry key="writeFailure">Unable to write to CAN channel because the transmit buffer is full. Try after some time.</entry>
    <entry key="modeChangeFailure">Unable to change mode to {0} on the fly. Please try after some time or create canChannel object with SilentMode NV Pair.</entry>
  </message>
</rsccat>
