<?xml version="1.0" encoding="UTF-8"?>
<!--Copyright 2021 The MathWorks, Inc.-->

<rsccat xmlns:xsi="http://www.w3.org/2001/XMLSchema-instance" version="1.0" locale="ko_KR" product="MATLAB" xsi:noNamespaceSchemaLocation="../../../../resources/schema/msgcat.xsd">
  <message>
    <entry key="nosave">{0} 객체는 디스크에 저장할 수 없으므로 건너뜁니다.</entry>
    <entry key="nosparse">{0} 객체는 희소 배열에 배치할 수 없습니다.</entry>
    <entry key="unsupported">''{1}'' 클래스의 객체에는 메서드 ''{0}''이(가) 지원되지 않습니다.</entry>
    <entry key="missingFile">파일 ''{0}''이(가) 없습니다. &lt;a href="matlab: matlab.addons.supportpackage.internal.explorer.showSupportPackages(''{1}'', ''tripwire'');"&gt;애드온 탐색기&lt;/a&gt;를 열어서 지원 패키지를 다시 설치하십시오.</entry>
    <entry key="noWritePermission">현재 디렉터리에 대한 쓰기 권한이 없습니다. 현재 폴더를 다른 위치로 변경하십시오.</entry>
    <entry key="notImplemented">내부 오류: 구현되지 않은 함수가 호출되었습니다.</entry>
    <entry key="errorMessageParamNotString">내부 오류: 문자형 벡터가 아닌 파라미터를 사용하여 지역화된 메시지를 생성하려고 했습니다.</entry>
  </message>
</rsccat>
