<?xml version="1.0" encoding="UTF-8"?>
<!--Copyright 2021 The MathWorks, Inc.-->

<rsccat xmlns:xsi="http://www.w3.org/2001/XMLSchema-instance" version="1.0" locale="ja_JP" product="MATLAB" xsi:noNamespaceSchemaLocation="../../../../resources/schema/msgcat.xsd">
  <message>
    <entry key="invalidCustomName">Custom Name can contain only alphanumeric characters</entry>
    <entry key="invalidVariableName">Specified variable name is not valid</entry>
    <entry key="variableAlreadyExists">Specified variable name already exists in the MATLAB workspace</entry>
    <entry key="codeGenInvalidProtocol">Unsupported communication protocol</entry>
    <entry key="appName">Arduino Explorer</entry>
    <entry key="progressDlgTitle">Please Wait</entry>
    <entry key="appLoadInit">Initializing app</entry>
    <entry key="appLoadConnection">Connecting to Arduino {0} at {1}</entry>
    <entry key="appLoading">Loading app</entry>
    <entry key="appLoadRestoreData">Restoring app data</entry>
    <entry key="deviceChangeMsg">Connected device is being changed. The app will close. Do you want to continue?</entry>
    <entry key="appClosingMsg">Are you sure you want to exit the Arduino Explorer app?</entry>
    <entry key="refreshHardwareMsg">Refreshing hardware list will close the app. Do you want to continue?</entry>
    <entry key="deviceRemoveMsg">Removing the selected Arduino will close the app. Do you want to continue?</entry>
    <entry key="sessionSectionLabel">File</entry>
    <entry key="newSessionConfirmation">Starting a new app session will set all Arduino pins to "Unset" mode. Do you want to continue?</entry>
    <entry key="sessionButtonLabel">New</entry>
    <entry key="pinLabel">Pin</entry>
    <entry key="sessionButtonDescription">Start a new app session</entry>
    <entry key="viewPinoutSectionLabel">Pinout</entry>
    <entry key="viewPinoutButtonLabel">Show\nPinout</entry>
    <entry key="viewPinoutButtonDescription">Show Arduino board pinout</entry>
    <entry key="configureSectionLabel">Configure</entry>
    <entry key="configurePlotButtonLabel">Configure\nPlot</entry>
    <entry key="configurePlotButtonDescription">Configure plot settings</entry>
    <entry key="recordSectionLabel">Record</entry>
    <entry key="recordButtonLabel">Record</entry>
    <entry key="recordButtonDescription">Start recording selected pin data</entry>
    <entry key="stopRecordButtonLabel">Stop</entry>
    <entry key="stopRecordButtonDescription">Stop recording</entry>
    <entry key="recordButtonDisabledDescription">Select pins to record to start recording</entry>
    <entry key="workspaceVarLabel">Workspace Variable</entry>
    <entry key="workspaceVarFieldDescription">Specify workspace variable name to which data is recorded</entry>
    <entry key="durationLabel">Duration(s)</entry>
    <entry key="durationFieldDescription">Specify duration to record (in seconds)</entry>
    <entry key="analyzeSectionLabel">Analyze</entry>
    <entry key="analyzeButtonLabel">Signal\nAnalyzer</entry>
    <entry key="signalAnalyzerAppTitle">Signal Analyzer</entry>
    <entry key="analyzeButtonDescription">View, analyze, and compare recorded signals in the MATLAB workspace</entry>
    <entry key="codeSectionLabel">Code</entry>
    <entry key="codeGenButtonLabel">Generate\nScript</entry>
    <entry key="codeGenButtonDescription">Generate equivalent MATLAB code</entry>
    <entry key="viewPinoutTitle">Pinout - Arduino {0}</entry>
    <entry key="viewPinoutHeader">Arduino {0}</entry>
    <entry key="fitToWindow">Fit to Window</entry>
    <entry key="configPinPanelHeader">Configure pin: {0}</entry>
    <entry key="modeLabel">Mode</entry>
    <entry key="modeDescription">Select a pin mode to configure the Arduino pin</entry>
    <entry key="selectPinText">Select a pin in the table to configure</entry>
    <entry key="customNameLabel">Custom Name</entry>
    <entry key="customNameDescription">Provide custom name to identify the Arduino pin</entry>
    <entry key="pwmModeTypeLabel">PWM Mode</entry>
    <entry key="pwmModeTypeDescription">Select the PWM mode of control</entry>
    <entry key="toneModeTypeLabel">Tone Mode</entry>
    <entry key="toneModeTypeDescription">Select the signal parameter type for play tone</entry>
    <entry key="configButtonLabel">Configure</entry>
    <entry key="configButtonDescription">Configure selected pin</entry>
    <entry key="reservedPin">Pin {0} is reserved by {1} for use in ''{2}'' mode.</entry>
    <entry key="filterPinsLabel">Show Pins:</entry>
    <entry key="filterPinsDescription">Filter pins by type</entry>
    <entry key="pinTypeAnalogLabel">Analog</entry>
    <entry key="pinTypeAnalogDescription">Show only analog pins</entry>
    <entry key="pinTypeDigitalLabel">Digital</entry>
    <entry key="pinTypeDigitalDescription">Show only digital pins</entry>
    <entry key="filterAllPinsLabel">All</entry>
    <entry key="filterAllPinsDescription">Show all pins</entry>
    <entry key="filterConfiguredPinsLabel">In-Use</entry>
    <entry key="filterConfiguredPinsDescription">Show only pins in use</entry>
    <entry key="readValueLabel">Read Value</entry>
    <entry key="writeValueLabel">Write Value</entry>
    <entry key="recordLabel">Record Pin</entry>
    <entry key="pinTableTitle">Pin Configuration</entry>
    <entry key="pinTableDescription">Current configuration of all Arduino pins</entry>
    <entry key="configPlotTitle">Configure Plot</entry>
    <entry key="showLegendLabel">Show Legend</entry>
    <entry key="showLegendDescription">Show or hide legend in the plot</entry>
    <entry key="showGridLabel">Show Grid</entry>
    <entry key="showGridDescription">Show or hide grid in the plot</entry>
    <entry key="showMultiYAxesLabel">Multiple Y-Axes</entry>
    <entry key="showMultiYAxesDescription">Show or hide multiple Y-Axes in the plot</entry>
    <entry key="YAxisScalingTitle">Y-Axis Scaling</entry>
    <entry key="autoScaleLabel">Autoscale</entry>
    <entry key="manualYScaleLabel">Y-Axis limits</entry>
    <entry key="minLabel">Min</entry>
    <entry key="minYDescription">Set minimum Y-Axis limit</entry>
    <entry key="maxLabel">Max</entry>
    <entry key="maxYDescription">Set maximum Y-Axis limit</entry>
    <entry key="okButtonLabel">OK</entry>
    <entry key="okButtonDescription">Confirm and apply plot settings</entry>
    <entry key="cancelButtonLabel">Cancel</entry>
    <entry key="applyButtonLabel">Apply</entry>
    <entry key="signalSelectionColumnName">Plot</entry>
    <entry key="signalColumnName">Read Pin</entry>
    <entry key="xLabelScope">Time (s)</entry>
    <entry key="yLabelScope">Amplitude</entry>
    <entry key="signalTableDescription">Select read pins to plot</entry>
    <entry key="plotTableTitle">Plot Pins</entry>
    <entry key="recordingProgress">Recording pin data to MATLAB workspace</entry>
    <entry key="recordingPercentage">{0}% completed</entry>
    <entry key="remainingTime">Remaining: {0} seconds</entry>
    <entry key="recordDuration">Duration: {0} seconds</entry>
    <entry key="recordingComplete">Data saved to MATLAB workspace variable {0}</entry>
    <entry key="addUSBDevice">USB Arduino</entry>
    <entry key="addUSBDeviceDescription">Add a USB Arduino</entry>
    <entry key="addBTDevice">Bluetooth® Arduino</entry>
    <entry key="addBTDeviceDescription">Add a Bluetooth® Arduino</entry>
    <entry key="addWiFiDevice">Wi-Fi® Arduino</entry>
    <entry key="addWiFiDeviceDescription">Add a Wi-Fi® Arduino</entry>
    <entry key="deviceSetupLabel">SETUP BOARD</entry>
    <entry key="hardwareSetupLabel">Hardware\nSetup</entry>
    <entry key="checkConnectionMsg">Checking board and connection</entry>
    <entry key="checkDeviceList">Checking device list</entry>
    <entry key="connectionMsg">Adding Arduino {0} at {1} to the device list.</entry>
    <entry key="boardExists">Another Arduino board with the same address is already present in the device list.</entry>
    <entry key="boardInvalid">Select a valid Arduino board.</entry>
    <entry key="COMPortInvalid">Select a valid USB COM port.</entry>
    <entry key="addressInvalid">Provide a valid connection address.</entry>
    <entry key="portInvalid">Provide a valid TCP/IP port.</entry>
    <entry key="boardLabel">Board</entry>
    <entry key="connectionLabel">Connection</entry>
    <entry key="portLabel">Port</entry>
    <entry key="addressLabel">Address</entry>
    <entry key="IPaddressLabel">IP Address</entry>
    <entry key="TCPPortLabel">TCP/IP Port</entry>
    <entry key="usbLabel">USB</entry>
    <entry key="btLabel">Bluetooth®</entry>
    <entry key="btAddressLabel">Bluetooth® Address</entry>
    <entry key="wifiLabel">Wi-Fi®</entry>
    <entry key="friendlyNameLabel">Custom Name</entry>
    <entry key="errorDlgTitle">{0} Error</entry>
    <entry key="yesOptionText">Yes</entry>
    <entry key="noOptionText">No</entry>
    <entry key="inputNotChar">Input data must be char</entry>
    <entry key="dataNotNumeric">Input data must be finite positive numeric value</entry>
    <entry key="dataNotReal">Input data must be real</entry>
    <entry key="dataInf">Input data must not be Inf</entry>
    <entry key="dataNegative">Input data must be positive</entry>
    <entry key="SPTNotIntalled">This feature requires the Signal Processing Toolbox. Open Add-On Explorer for more information</entry>
    <entry key="scriptTitle">Auto-generated by MATLAB Support Package for Arduino® Hardware's Arduino Explorer App on {0}.</entry>
    <entry key="introSectionHeader">Introduction</entry>
    <entry key="introSectionComment">This script is usable outside of the Arduino Explorer to replicate its actions. You cannot use this script to reconfigure the app. The script demonstrates the MATLAB command line workflow using functions provided in the MATLAB Support Package for Arduino Hardware. You can modify it to build your own script, function, or application.</entry>
    <entry key="createArduinoObjectSectionHeader">Create an Arduino Connection</entry>
    <entry key="createArduinoObjectSectionComment">Create an Arduino connection using the specified device and connection parameters.</entry>
    <entry key="pinConfigSectionHeader">Configure Arduino Pins</entry>
    <entry key="pinConfigSectionComment">Configure specified Arduino pins.</entry>
    <entry key="pinReadWriteSectionHeader">Read and Write data</entry>
    <entry key="pinReadWriteSectionComment">Read data from and write data to Arduino pins configured above.</entry>
    <entry key="recordingSectionComment">Uncomment the lines of code below to record the data for the specified duration into a workspace variable.</entry>
    <entry key="recordDurationComment">Duration to record data(in seconds).</entry>
    <entry key="stepTimeComment">Time interval between consecutive data reads.</entry>
    <entry key="numSamplesComment">Total number of data samples to be recorded.</entry>
    <entry key="initArraysComment">Initialize arrays for storing data and timestamps.</entry>
    <entry key="addDataToArrayComment">Store the read data in the corresponding data array.</entry>
    <entry key="pauseComment">Read data from Arduino pins in intervals specified by the variable 'stepTime'.</entry>
    <entry key="convertToTimeTableComment">Convert the recorded data to timetable format in a workspace variable.</entry>
    <entry key="plotComment">Plot recorded data.</entry>
    <entry key="plotTitle">Recorded Data</entry>
    <entry key="plotXLabel">Time(in s)</entry>
    <entry key="plotYLabel">Amplitude</entry>
    <entry key="cleanUpSectionHeader">Clean Up</entry>
    <entry key="cleanUpSectionComment">Clear variables that are not needed.</entry>
  </message>
</rsccat>
