<?xml version="1.0" encoding="UTF-8" ?>
<!-- Copyright 2021 The MathWorks, Inc.-->
<rsccat version="1.0" locale="en_US" product="raspi" xmlns:xsi="http://www.w3.org/2001/XMLSchema-instance" xsi:noNamespaceSchemaLocation="../../schema/msgcat.xsd">
    <message>
        <entry key="canChannelInUse">The CAN channel connected to "{0}" interface is already in use.</entry>
        <entry key="invalidDeviceName">Invalid device name. Valid value is {0}.</entry>
        <entry key="invalidInterfaceName">Invalid interface name. Valid values are "{0}" and "{1}".</entry>
        <entry key="invalidOscillatorFrequency">Invalid oscillator frequency. Valid values are {0} and {1} MHz.</entry>
        <entry key="invalidInterruptPin">Invalid interrupt pin number. Valid pin numbers are {0} and {1}</entry>
        <entry key="enableCANMessage"> SPI channels will be inaccessible if CAN interface is enabled for MCP2515 controllers. Reboot the Raspberry Pi and create the object again to apply changes.
            Execute the following command to reboot Raspberry Pi.\n
            >> system(raspiObj, 'sudo reboot') \n
            Clear the raspi object and recreate it.\n
            >> clear raspiObj \n
            >> raspiObj = raspi() </entry>
        <entry key="disableCANMessage">Reboot the Raspberry Pi and create the object again to apply changes. \n
            Execute the following command to reboot Raspberry Pi.\n
            >> system(raspiObj, 'sudo reboot') \n
            Clear the raspi object and recreate it.\n
            >> clear raspiObj \n
            >> raspiObj = raspi() </entry>
        <entry key="noCANSetup">Failed to setup the CAN interface. See the &lt;a href=&quot;matlab:helpview(raspi.internal.getDocMap, ''canChannel'')&quot;&gt;"Troubleshoot Connecting CAN Hardware to Raspberry Pi Hardware"&lt;/a&gt; section in the MATLAB documentation.</entry>
        <entry key="missingDevice">CAN device name or interface name is missing. Valid values are {0}.</entry>
        <entry key="invalidDevice">Invalid CAN device name or interface name. Valid values are {0} and {1}.</entry>
        <entry key="invalidBusSpeed">Invalid bus speed. Value must be integers between 5000 and 1000000 bits per second, inclusive.</entry>
        <entry key="invalidChannelName">Invalid CAN channel name. Valid values for channel names are "CAN A" and "CAN B".</entry>
        <entry key="invalidCANIdentifierValue">Invalid CAN message identifier. Message identifier must be a scalar integer between 0 and 2047, inclusive for standard message and between 0 and 536870911, inclusive for extended message</entry>
        <entry key="invalidCANDataValue">Invalid CAN data. Data should be an 1x8 array of positive integers with values less than or equal to 255.</entry>
        <entry key="maxCANDataLength">Length of the data must be less than or equal to 8 bytes for CAN Messages.</entry>
        <entry key="noWriteWhenSilent">SilentMode value of CAN channel object must be false to write into the channel.</entry>
        <entry key="databaseWithoutVNT">"Database" property is available only with Vehicle Network Toolbox.</entry>
        <entry key="unmatchedPVPair">Incorrect number of input arguments. Each parameter name must be followed by a corresponding value.</entry>
        <entry key="notAbleToWrite">Failed to write data into the CAN Channel.</entry>
        <entry key="notAbleToRead">Failed to read data from the CAN Channel.</entry>
        <entry key="invalidNumMessages">Invalid value for number of messages. Value must be a scalar integer between 1 and 255,inclusive.</entry>
        <entry key="notSupportedInOnline">Unable to execute command because {0} function is not supported in MATLAB Online.</entry>
        <entry key="sameInterruptPin">Interrupt pin {0} is already taken. You cannot configure CAN interface using the same interrupt pin.</entry>
        <entry key="enablingBothInterfaces">Enabling both "can0" and "can1" interfaces since "can0" interface is not enabled.\n</entry>
        <entry key="disablingBothInterfaces">Disabling both "can0" and "can1" interfaces since "can1" interface is already enabled.\n</entry>
    </message>
</rsccat>
