<?xml version="1.0" encoding="UTF-8" standalone="yes"?>
<instructions>
  <downloadInstruction>
    <downloadUrl>http://ssd.mathworks.com/supportfiles/downloads/SupportPackageThirdParty/R2019b/openh264/linux64/libopenh264-1.8.0-linux64.4.so</downloadUrl>
    <archive>libopenh264-1.8.0-linux64.4.so</archive>
  </downloadInstruction>
  <installInstructions xmlns:xsi="http://www.w3.org/2001/XMLSchema-instance" xsi:type="InstallationInstruction">
    <command>mkdir</command>
    <command>-p</command>
    <command>$IS_ROOT_DIR$IS_FILE_SEP..$IS_FILE_SEP..$IS_FILE_SEPtoolbox$IS_FILE_SEPmatlab$IS_FILE_SEPhardware$IS_FILE_SEPshared$IS_FILE_SEPcamera$IS_FILE_SEPbin$IS_FILE_SEPglnxa64</command>
    <returnCodeChecks>
      <code>0</code>
      <message>## OpenH264 binary folder created ##</message>
    </returnCodeChecks>
    <passingReturnCodes>
      <codes>0</codes>
    </passingReturnCodes>
  </installInstructions>
  <installInstructions xmlns:xsi="http://www.w3.org/2001/XMLSchema-instance" xsi:type="InstallationInstruction">
    <command>cp</command>
    <command>-f</command>
    <command>$IS_DOWNLOAD_DIR$IS_FILE_SEPlibopenh264-1.8.0-linux64.4.so</command>
    <command>$IS_ROOT_DIR$IS_FILE_SEP..$IS_FILE_SEP..$IS_FILE_SEPtoolbox$IS_FILE_SEPmatlab$IS_FILE_SEPhardware$IS_FILE_SEPshared$IS_FILE_SEPcamera$IS_FILE_SEPbin$IS_FILE_SEPglnxa64</command>
    <returnCodeChecks>
      <code>0</code>
      <message>## OpenH264 binary copied to camera bin folder ##</message>
    </returnCodeChecks>
    <passingReturnCodes>
      <codes>0</codes>
    </passingReturnCodes>
  </installInstructions>
  <displayName>Cisco OpenH264 library</displayName>
  <licenseUrl>http://www.openh264.org/BINARY_LICENSE.txt</licenseUrl>
  <checksum>6bdcd4dc910a7d02b592aa07b16baacf</checksum>
</instructions>
